2026-02-05 23:29:06 [INFO] Using device: cuda
2026-02-05 23:29:06 [INFO] Model: attention_unet (31,562,643 params)
2026-02-05 23:29:06 [INFO] Train: 10000 samples, Val: 2000 samples
2026-02-05 23:29:07 [INFO] Training for 100 epochs on cuda
2026-02-05 23:29:07 [INFO] Model parameters: 31,562,643
2026-02-05 23:29:07 [INFO] Curriculum Learning Schedule:
--------------------------------------------------
  Phase 'easy': epochs 1-15, noise_scale=0.10, mixed_prob=0.00
  Phase 'medium': epochs 16-35, noise_scale=0.35, mixed_prob=0.20
  Phase 'hard': epochs 36-60, noise_scale=0.70, mixed_prob=0.40
  Phase 'extreme': epochs 61-100, noise_scale=1.00, mixed_prob=0.60
2026-02-05 23:29:15 [INFO] Epoch 1 [0/2500] Loss: 1.3772 | Phase: easy | Scale: 0.10
2026-02-05 23:29:25 [INFO] Epoch 1 [50/2500] Loss: 0.9399 | Phase: easy | Scale: 0.10
2026-02-05 23:29:36 [INFO] Epoch 1 [100/2500] Loss: 0.4948 | Phase: easy | Scale: 0.10
2026-02-05 23:29:46 [INFO] Epoch 1 [150/2500] Loss: 0.3947 | Phase: easy | Scale: 0.10
2026-02-05 23:29:57 [INFO] Epoch 1 [200/2500] Loss: 0.5030 | Phase: easy | Scale: 0.10
2026-02-05 23:30:08 [INFO] Epoch 1 [250/2500] Loss: 0.5463 | Phase: easy | Scale: 0.10
2026-02-05 23:30:18 [INFO] Epoch 1 [300/2500] Loss: 0.5851 | Phase: easy | Scale: 0.10
2026-02-05 23:30:29 [INFO] Epoch 1 [350/2500] Loss: 0.4268 | Phase: easy | Scale: 0.10
2026-02-05 23:30:39 [INFO] Epoch 1 [400/2500] Loss: 0.4160 | Phase: easy | Scale: 0.10
2026-02-05 23:30:50 [INFO] Epoch 1 [450/2500] Loss: 0.2387 | Phase: easy | Scale: 0.10
2026-02-05 23:31:00 [INFO] Epoch 1 [500/2500] Loss: 0.3753 | Phase: easy | Scale: 0.10
2026-02-05 23:31:11 [INFO] Epoch 1 [550/2500] Loss: 0.7340 | Phase: easy | Scale: 0.10
2026-02-05 23:31:21 [INFO] Epoch 1 [600/2500] Loss: 0.4640 | Phase: easy | Scale: 0.10
2026-02-05 23:31:31 [INFO] Epoch 1 [650/2500] Loss: 0.4236 | Phase: easy | Scale: 0.10
2026-02-05 23:31:42 [INFO] Epoch 1 [700/2500] Loss: 0.2875 | Phase: easy | Scale: 0.10
2026-02-05 23:31:52 [INFO] Epoch 1 [750/2500] Loss: 0.5436 | Phase: easy | Scale: 0.10
2026-02-05 23:32:03 [INFO] Epoch 1 [800/2500] Loss: 0.2854 | Phase: easy | Scale: 0.10
2026-02-05 23:32:14 [INFO] Epoch 1 [850/2500] Loss: 0.5956 | Phase: easy | Scale: 0.10
2026-02-05 23:32:24 [INFO] Epoch 1 [900/2500] Loss: 0.1980 | Phase: easy | Scale: 0.10
2026-02-05 23:32:35 [INFO] Epoch 1 [950/2500] Loss: 0.2697 | Phase: easy | Scale: 0.10
2026-02-05 23:32:46 [INFO] Epoch 1 [1000/2500] Loss: 0.2491 | Phase: easy | Scale: 0.10
2026-02-05 23:32:56 [INFO] Epoch 1 [1050/2500] Loss: 0.2910 | Phase: easy | Scale: 0.10
2026-02-05 23:33:07 [INFO] Epoch 1 [1100/2500] Loss: 0.3585 | Phase: easy | Scale: 0.10
2026-02-05 23:33:17 [INFO] Epoch 1 [1150/2500] Loss: 0.4152 | Phase: easy | Scale: 0.10
2026-02-05 23:33:27 [INFO] Epoch 1 [1200/2500] Loss: 0.3062 | Phase: easy | Scale: 0.10
2026-02-05 23:33:38 [INFO] Epoch 1 [1250/2500] Loss: 0.6018 | Phase: easy | Scale: 0.10
2026-02-05 23:33:48 [INFO] Epoch 1 [1300/2500] Loss: 0.2841 | Phase: easy | Scale: 0.10
2026-02-05 23:33:58 [INFO] Epoch 1 [1350/2500] Loss: 0.4348 | Phase: easy | Scale: 0.10
2026-02-05 23:34:09 [INFO] Epoch 1 [1400/2500] Loss: 0.1482 | Phase: easy | Scale: 0.10
2026-02-05 23:34:19 [INFO] Epoch 1 [1450/2500] Loss: 0.2337 | Phase: easy | Scale: 0.10
2026-02-05 23:34:29 [INFO] Epoch 1 [1500/2500] Loss: 0.4040 | Phase: easy | Scale: 0.10
2026-02-05 23:34:40 [INFO] Epoch 1 [1550/2500] Loss: 0.3704 | Phase: easy | Scale: 0.10
2026-02-05 23:34:51 [INFO] Epoch 1 [1600/2500] Loss: 0.5113 | Phase: easy | Scale: 0.10
2026-02-05 23:35:01 [INFO] Epoch 1 [1650/2500] Loss: 0.2442 | Phase: easy | Scale: 0.10
2026-02-05 23:35:12 [INFO] Epoch 1 [1700/2500] Loss: 0.3238 | Phase: easy | Scale: 0.10
2026-02-05 23:35:22 [INFO] Epoch 1 [1750/2500] Loss: 0.1371 | Phase: easy | Scale: 0.10
2026-02-05 23:35:33 [INFO] Epoch 1 [1800/2500] Loss: 0.2136 | Phase: easy | Scale: 0.10
2026-02-05 23:35:43 [INFO] Epoch 1 [1850/2500] Loss: 0.0786 | Phase: easy | Scale: 0.10
2026-02-05 23:35:54 [INFO] Epoch 1 [1900/2500] Loss: 0.0702 | Phase: easy | Scale: 0.10
2026-02-05 23:36:04 [INFO] Epoch 1 [1950/2500] Loss: 0.1879 | Phase: easy | Scale: 0.10
2026-02-05 23:36:15 [INFO] Epoch 1 [2000/2500] Loss: 0.0779 | Phase: easy | Scale: 0.10
2026-02-05 23:36:25 [INFO] Epoch 1 [2050/2500] Loss: 0.0971 | Phase: easy | Scale: 0.10
2026-02-05 23:36:36 [INFO] Epoch 1 [2100/2500] Loss: 0.1872 | Phase: easy | Scale: 0.10
2026-02-05 23:36:46 [INFO] Epoch 1 [2150/2500] Loss: 0.0867 | Phase: easy | Scale: 0.10
2026-02-05 23:36:57 [INFO] Epoch 1 [2200/2500] Loss: 0.0815 | Phase: easy | Scale: 0.10
2026-02-05 23:37:07 [INFO] Epoch 1 [2250/2500] Loss: 0.0549 | Phase: easy | Scale: 0.10
2026-02-05 23:37:17 [INFO] Epoch 1 [2300/2500] Loss: 0.2460 | Phase: easy | Scale: 0.10
2026-02-05 23:37:28 [INFO] Epoch 1 [2350/2500] Loss: 0.1720 | Phase: easy | Scale: 0.10
2026-02-05 23:37:38 [INFO] Epoch 1 [2400/2500] Loss: 0.2508 | Phase: easy | Scale: 0.10
2026-02-05 23:37:49 [INFO] Epoch 1 [2450/2500] Loss: 0.1444 | Phase: easy | Scale: 0.10
2026-02-05 23:44:06 [INFO] Epoch 1/100 (898.5s) | Phase: easy | LR: 3.33e-05 | Train Loss: 0.2916 | Val Loss: 0.3759 | Val Dice: 0.8960 | Val IoU: 0.8116
2026-02-05 23:44:06 [INFO] New best model saved (dice=0.8960)
2026-02-05 23:44:13 [INFO] Epoch 2 [0/2500] Loss: 0.1526 | Phase: easy | Scale: 0.10
2026-02-05 23:44:23 [INFO] Epoch 2 [50/2500] Loss: 0.1515 | Phase: easy | Scale: 0.10
2026-02-05 23:44:34 [INFO] Epoch 2 [100/2500] Loss: 0.1059 | Phase: easy | Scale: 0.10
2026-02-05 23:44:44 [INFO] Epoch 2 [150/2500] Loss: 0.0941 | Phase: easy | Scale: 0.10
2026-02-05 23:44:55 [INFO] Epoch 2 [200/2500] Loss: 0.0861 | Phase: easy | Scale: 0.10
2026-02-05 23:45:05 [INFO] Epoch 2 [250/2500] Loss: 0.1545 | Phase: easy | Scale: 0.10
2026-02-05 23:45:16 [INFO] Epoch 2 [300/2500] Loss: 0.0265 | Phase: easy | Scale: 0.10
2026-02-05 23:45:26 [INFO] Epoch 2 [350/2500] Loss: 0.0509 | Phase: easy | Scale: 0.10
2026-02-05 23:45:37 [INFO] Epoch 2 [400/2500] Loss: 0.1115 | Phase: easy | Scale: 0.10
2026-02-05 23:45:47 [INFO] Epoch 2 [450/2500] Loss: 0.0414 | Phase: easy | Scale: 0.10
2026-02-05 23:45:58 [INFO] Epoch 2 [500/2500] Loss: 0.0803 | Phase: easy | Scale: 0.10
2026-02-05 23:46:08 [INFO] Epoch 2 [550/2500] Loss: 0.0404 | Phase: easy | Scale: 0.10
2026-02-05 23:46:18 [INFO] Epoch 2 [600/2500] Loss: 0.0491 | Phase: easy | Scale: 0.10
2026-02-05 23:46:29 [INFO] Epoch 2 [650/2500] Loss: 0.0597 | Phase: easy | Scale: 0.10
2026-02-05 23:46:39 [INFO] Epoch 2 [700/2500] Loss: 0.0342 | Phase: easy | Scale: 0.10
2026-02-05 23:46:49 [INFO] Epoch 2 [750/2500] Loss: 0.0726 | Phase: easy | Scale: 0.10
2026-02-05 23:47:00 [INFO] Epoch 2 [800/2500] Loss: 0.0477 | Phase: easy | Scale: 0.10
2026-02-05 23:47:10 [INFO] Epoch 2 [850/2500] Loss: 0.0789 | Phase: easy | Scale: 0.10
2026-02-05 23:47:20 [INFO] Epoch 2 [900/2500] Loss: 0.0315 | Phase: easy | Scale: 0.10
2026-02-05 23:47:31 [INFO] Epoch 2 [950/2500] Loss: 0.0161 | Phase: easy | Scale: 0.10
2026-02-05 23:47:42 [INFO] Epoch 2 [1000/2500] Loss: 0.0166 | Phase: easy | Scale: 0.10
2026-02-05 23:47:53 [INFO] Epoch 2 [1050/2500] Loss: 0.0531 | Phase: easy | Scale: 0.10
2026-02-05 23:48:03 [INFO] Epoch 2 [1100/2500] Loss: 0.0414 | Phase: easy | Scale: 0.10
2026-02-05 23:48:14 [INFO] Epoch 2 [1150/2500] Loss: 0.0161 | Phase: easy | Scale: 0.10
2026-02-05 23:48:24 [INFO] Epoch 2 [1200/2500] Loss: 0.0211 | Phase: easy | Scale: 0.10
2026-02-05 23:48:35 [INFO] Epoch 2 [1250/2500] Loss: 0.0460 | Phase: easy | Scale: 0.10
2026-02-05 23:48:45 [INFO] Epoch 2 [1300/2500] Loss: 0.0227 | Phase: easy | Scale: 0.10
2026-02-05 23:48:56 [INFO] Epoch 2 [1350/2500] Loss: 0.0406 | Phase: easy | Scale: 0.10
2026-02-05 23:49:06 [INFO] Epoch 2 [1400/2500] Loss: 0.0168 | Phase: easy | Scale: 0.10
2026-02-05 23:49:17 [INFO] Epoch 2 [1450/2500] Loss: 0.0469 | Phase: easy | Scale: 0.10
2026-02-05 23:49:27 [INFO] Epoch 2 [1500/2500] Loss: 0.0228 | Phase: easy | Scale: 0.10
2026-02-05 23:49:38 [INFO] Epoch 2 [1550/2500] Loss: 0.0121 | Phase: easy | Scale: 0.10
2026-02-05 23:49:49 [INFO] Epoch 2 [1600/2500] Loss: 0.0210 | Phase: easy | Scale: 0.10
2026-02-05 23:49:59 [INFO] Epoch 2 [1650/2500] Loss: 0.0506 | Phase: easy | Scale: 0.10
2026-02-05 23:50:11 [INFO] Epoch 2 [1700/2500] Loss: 0.0142 | Phase: easy | Scale: 0.10
2026-02-05 23:50:23 [INFO] Epoch 2 [1750/2500] Loss: 0.0100 | Phase: easy | Scale: 0.10
2026-02-05 23:50:35 [INFO] Epoch 2 [1800/2500] Loss: 0.0299 | Phase: easy | Scale: 0.10
2026-02-05 23:50:45 [INFO] Epoch 2 [1850/2500] Loss: 0.0367 | Phase: easy | Scale: 0.10
2026-02-05 23:50:56 [INFO] Epoch 2 [1900/2500] Loss: 0.0090 | Phase: easy | Scale: 0.10
2026-02-05 23:51:07 [INFO] Epoch 2 [1950/2500] Loss: 0.0055 | Phase: easy | Scale: 0.10
2026-02-05 23:51:17 [INFO] Epoch 2 [2000/2500] Loss: 0.0045 | Phase: easy | Scale: 0.10
2026-02-05 23:51:28 [INFO] Epoch 2 [2050/2500] Loss: 0.0196 | Phase: easy | Scale: 0.10
2026-02-05 23:51:38 [INFO] Epoch 2 [2100/2500] Loss: 0.0197 | Phase: easy | Scale: 0.10
2026-02-05 23:51:48 [INFO] Epoch 2 [2150/2500] Loss: 0.0306 | Phase: easy | Scale: 0.10
2026-02-05 23:51:59 [INFO] Epoch 2 [2200/2500] Loss: 0.0244 | Phase: easy | Scale: 0.10
2026-02-05 23:52:09 [INFO] Epoch 2 [2250/2500] Loss: 0.0058 | Phase: easy | Scale: 0.10
2026-02-05 23:52:19 [INFO] Epoch 2 [2300/2500] Loss: 0.0137 | Phase: easy | Scale: 0.10
2026-02-05 23:52:30 [INFO] Epoch 2 [2350/2500] Loss: 0.0083 | Phase: easy | Scale: 0.10
2026-02-05 23:52:40 [INFO] Epoch 2 [2400/2500] Loss: 0.0054 | Phase: easy | Scale: 0.10
2026-02-05 23:52:50 [INFO] Epoch 2 [2450/2500] Loss: 0.0138 | Phase: easy | Scale: 0.10
2026-02-05 23:58:23 [INFO] Epoch 2/100 (856.6s) | Phase: easy | LR: 6.67e-05 | Train Loss: 0.0481 | Val Loss: 0.3697 | Val Dice: 0.8884 | Val IoU: 0.7992
2026-02-05 23:58:30 [INFO] Epoch 3 [0/2500] Loss: 0.0077 | Phase: easy | Scale: 0.10
2026-02-05 23:58:40 [INFO] Epoch 3 [50/2500] Loss: 0.0213 | Phase: easy | Scale: 0.10
2026-02-05 23:58:50 [INFO] Epoch 3 [100/2500] Loss: 0.0044 | Phase: easy | Scale: 0.10
2026-02-05 23:59:01 [INFO] Epoch 3 [150/2500] Loss: 0.0068 | Phase: easy | Scale: 0.10
2026-02-05 23:59:11 [INFO] Epoch 3 [200/2500] Loss: 0.0031 | Phase: easy | Scale: 0.10
2026-02-05 23:59:21 [INFO] Epoch 3 [250/2500] Loss: 0.0287 | Phase: easy | Scale: 0.10
2026-02-05 23:59:32 [INFO] Epoch 3 [300/2500] Loss: 0.0042 | Phase: easy | Scale: 0.10
2026-02-05 23:59:42 [INFO] Epoch 3 [350/2500] Loss: 0.0090 | Phase: easy | Scale: 0.10
2026-02-05 23:59:52 [INFO] Epoch 3 [400/2500] Loss: 0.0047 | Phase: easy | Scale: 0.10
2026-02-06 00:00:03 [INFO] Epoch 3 [450/2500] Loss: 0.0077 | Phase: easy | Scale: 0.10
2026-02-06 00:00:13 [INFO] Epoch 3 [500/2500] Loss: 0.0022 | Phase: easy | Scale: 0.10
2026-02-06 00:00:24 [INFO] Epoch 3 [550/2500] Loss: 0.0088 | Phase: easy | Scale: 0.10
2026-02-06 00:00:34 [INFO] Epoch 3 [600/2500] Loss: 0.0066 | Phase: easy | Scale: 0.10
2026-02-06 00:00:44 [INFO] Epoch 3 [650/2500] Loss: 0.0064 | Phase: easy | Scale: 0.10
2026-02-06 00:00:55 [INFO] Epoch 3 [700/2500] Loss: 0.0211 | Phase: easy | Scale: 0.10
2026-02-06 00:01:05 [INFO] Epoch 3 [750/2500] Loss: 0.0024 | Phase: easy | Scale: 0.10
2026-02-06 00:01:15 [INFO] Epoch 3 [800/2500] Loss: 0.0068 | Phase: easy | Scale: 0.10
2026-02-06 00:01:26 [INFO] Epoch 3 [850/2500] Loss: 0.0068 | Phase: easy | Scale: 0.10
2026-02-06 00:01:36 [INFO] Epoch 3 [900/2500] Loss: 0.0087 | Phase: easy | Scale: 0.10
2026-02-06 00:01:46 [INFO] Epoch 3 [950/2500] Loss: 0.0144 | Phase: easy | Scale: 0.10
2026-02-06 00:01:57 [INFO] Epoch 3 [1000/2500] Loss: 0.0022 | Phase: easy | Scale: 0.10
2026-02-06 00:02:07 [INFO] Epoch 3 [1050/2500] Loss: 0.0074 | Phase: easy | Scale: 0.10
2026-02-06 00:02:17 [INFO] Epoch 3 [1100/2500] Loss: 0.0067 | Phase: easy | Scale: 0.10
2026-02-06 00:02:28 [INFO] Epoch 3 [1150/2500] Loss: 0.0059 | Phase: easy | Scale: 0.10
2026-02-06 00:02:38 [INFO] Epoch 3 [1200/2500] Loss: 0.0021 | Phase: easy | Scale: 0.10
2026-02-06 00:02:49 [INFO] Epoch 3 [1250/2500] Loss: 0.0012 | Phase: easy | Scale: 0.10
2026-02-06 00:02:59 [INFO] Epoch 3 [1300/2500] Loss: 0.0048 | Phase: easy | Scale: 0.10
2026-02-06 00:03:09 [INFO] Epoch 3 [1350/2500] Loss: 0.0022 | Phase: easy | Scale: 0.10
2026-02-06 00:03:20 [INFO] Epoch 3 [1400/2500] Loss: 0.0020 | Phase: easy | Scale: 0.10
2026-02-06 00:03:30 [INFO] Epoch 3 [1450/2500] Loss: 0.0025 | Phase: easy | Scale: 0.10
2026-02-06 00:03:40 [INFO] Epoch 3 [1500/2500] Loss: 0.0052 | Phase: easy | Scale: 0.10
2026-02-06 00:03:51 [INFO] Epoch 3 [1550/2500] Loss: 0.0086 | Phase: easy | Scale: 0.10
2026-02-06 00:04:01 [INFO] Epoch 3 [1600/2500] Loss: 0.0174 | Phase: easy | Scale: 0.10
2026-02-06 00:04:11 [INFO] Epoch 3 [1650/2500] Loss: 0.0072 | Phase: easy | Scale: 0.10
2026-02-06 00:04:22 [INFO] Epoch 3 [1700/2500] Loss: 0.0045 | Phase: easy | Scale: 0.10
2026-02-06 00:04:32 [INFO] Epoch 3 [1750/2500] Loss: 0.0063 | Phase: easy | Scale: 0.10
2026-02-06 00:04:42 [INFO] Epoch 3 [1800/2500] Loss: 0.0019 | Phase: easy | Scale: 0.10
2026-02-06 00:04:53 [INFO] Epoch 3 [1850/2500] Loss: 0.0035 | Phase: easy | Scale: 0.10
2026-02-06 00:05:03 [INFO] Epoch 3 [1900/2500] Loss: 0.0036 | Phase: easy | Scale: 0.10
2026-02-06 00:05:14 [INFO] Epoch 3 [1950/2500] Loss: 0.0011 | Phase: easy | Scale: 0.10
2026-02-06 00:05:24 [INFO] Epoch 3 [2000/2500] Loss: 0.0012 | Phase: easy | Scale: 0.10
2026-02-06 00:05:34 [INFO] Epoch 3 [2050/2500] Loss: 0.0049 | Phase: easy | Scale: 0.10
2026-02-06 00:05:45 [INFO] Epoch 3 [2100/2500] Loss: 0.0014 | Phase: easy | Scale: 0.10
2026-02-06 00:05:55 [INFO] Epoch 3 [2150/2500] Loss: 0.0012 | Phase: easy | Scale: 0.10
2026-02-06 00:06:05 [INFO] Epoch 3 [2200/2500] Loss: 0.0036 | Phase: easy | Scale: 0.10
2026-02-06 00:06:16 [INFO] Epoch 3 [2250/2500] Loss: 0.0023 | Phase: easy | Scale: 0.10
2026-02-06 00:06:26 [INFO] Epoch 3 [2300/2500] Loss: 0.0025 | Phase: easy | Scale: 0.10
2026-02-06 00:06:36 [INFO] Epoch 3 [2350/2500] Loss: 0.0005 | Phase: easy | Scale: 0.10
2026-02-06 00:06:47 [INFO] Epoch 3 [2400/2500] Loss: 0.0170 | Phase: easy | Scale: 0.10
2026-02-06 00:06:57 [INFO] Epoch 3 [2450/2500] Loss: 0.0016 | Phase: easy | Scale: 0.10
2026-02-06 00:12:26 [INFO] Epoch 3/100 (842.7s) | Phase: easy | LR: 1.00e-04 | Train Loss: 0.0069 | Val Loss: 0.3136 | Val Dice: 0.9033 | Val IoU: 0.8236
2026-02-06 00:12:27 [INFO] New best model saved (dice=0.9033)
2026-02-06 00:12:33 [INFO] Epoch 4 [0/2500] Loss: 0.0023 | Phase: easy | Scale: 0.10
2026-02-06 00:12:43 [INFO] Epoch 4 [50/2500] Loss: 0.0007 | Phase: easy | Scale: 0.10
2026-02-06 00:12:53 [INFO] Epoch 4 [100/2500] Loss: 0.0067 | Phase: easy | Scale: 0.10
2026-02-06 00:13:04 [INFO] Epoch 4 [150/2500] Loss: 0.0037 | Phase: easy | Scale: 0.10
2026-02-06 00:13:14 [INFO] Epoch 4 [200/2500] Loss: 0.0021 | Phase: easy | Scale: 0.10
2026-02-06 00:13:24 [INFO] Epoch 4 [250/2500] Loss: 0.0014 | Phase: easy | Scale: 0.10
2026-02-06 00:13:34 [INFO] Epoch 4 [300/2500] Loss: 0.0242 | Phase: easy | Scale: 0.10
2026-02-06 00:13:44 [INFO] Epoch 4 [350/2500] Loss: 0.0007 | Phase: easy | Scale: 0.10
2026-02-06 00:13:54 [INFO] Epoch 4 [400/2500] Loss: 0.0050 | Phase: easy | Scale: 0.10
2026-02-06 00:14:05 [INFO] Epoch 4 [450/2500] Loss: 0.0012 | Phase: easy | Scale: 0.10
2026-02-06 00:14:15 [INFO] Epoch 4 [500/2500] Loss: 0.0018 | Phase: easy | Scale: 0.10
2026-02-06 00:14:25 [INFO] Epoch 4 [550/2500] Loss: 0.0011 | Phase: easy | Scale: 0.10
2026-02-06 00:14:35 [INFO] Epoch 4 [600/2500] Loss: 0.0010 | Phase: easy | Scale: 0.10
2026-02-06 00:14:45 [INFO] Epoch 4 [650/2500] Loss: 0.0018 | Phase: easy | Scale: 0.10
2026-02-06 00:14:56 [INFO] Epoch 4 [700/2500] Loss: 0.0010 | Phase: easy | Scale: 0.10
2026-02-06 00:15:06 [INFO] Epoch 4 [750/2500] Loss: 0.0006 | Phase: easy | Scale: 0.10
2026-02-06 00:15:16 [INFO] Epoch 4 [800/2500] Loss: 0.0014 | Phase: easy | Scale: 0.10
2026-02-06 00:15:26 [INFO] Epoch 4 [850/2500] Loss: 0.0023 | Phase: easy | Scale: 0.10
2026-02-06 00:15:36 [INFO] Epoch 4 [900/2500] Loss: 0.0036 | Phase: easy | Scale: 0.10
2026-02-06 00:15:47 [INFO] Epoch 4 [950/2500] Loss: 0.0013 | Phase: easy | Scale: 0.10
2026-02-06 00:15:57 [INFO] Epoch 4 [1000/2500] Loss: 0.0007 | Phase: easy | Scale: 0.10
2026-02-06 00:16:07 [INFO] Epoch 4 [1050/2500] Loss: 0.0010 | Phase: easy | Scale: 0.10
2026-02-06 00:16:17 [INFO] Epoch 4 [1100/2500] Loss: 0.0006 | Phase: easy | Scale: 0.10
2026-02-06 00:16:27 [INFO] Epoch 4 [1150/2500] Loss: 0.0003 | Phase: easy | Scale: 0.10
2026-02-06 00:16:38 [INFO] Epoch 4 [1200/2500] Loss: 0.0036 | Phase: easy | Scale: 0.10
2026-02-06 00:16:48 [INFO] Epoch 4 [1250/2500] Loss: 0.0004 | Phase: easy | Scale: 0.10
2026-02-06 00:16:58 [INFO] Epoch 4 [1300/2500] Loss: 0.0004 | Phase: easy | Scale: 0.10
2026-02-06 00:17:08 [INFO] Epoch 4 [1350/2500] Loss: 0.0032 | Phase: easy | Scale: 0.10
2026-02-06 00:17:18 [INFO] Epoch 4 [1400/2500] Loss: 0.0008 | Phase: easy | Scale: 0.10
2026-02-06 00:17:29 [INFO] Epoch 4 [1450/2500] Loss: 0.0006 | Phase: easy | Scale: 0.10
2026-02-06 00:17:39 [INFO] Epoch 4 [1500/2500] Loss: 0.0010 | Phase: easy | Scale: 0.10
2026-02-06 00:17:49 [INFO] Epoch 4 [1550/2500] Loss: 0.0007 | Phase: easy | Scale: 0.10
2026-02-06 00:17:59 [INFO] Epoch 4 [1600/2500] Loss: 0.0004 | Phase: easy | Scale: 0.10
2026-02-06 00:18:11 [INFO] Epoch 4 [1650/2500] Loss: 0.0001 | Phase: easy | Scale: 0.10
2026-02-06 00:18:21 [INFO] Epoch 4 [1700/2500] Loss: 0.0004 | Phase: easy | Scale: 0.10
2026-02-06 00:18:31 [INFO] Epoch 4 [1750/2500] Loss: 0.0007 | Phase: easy | Scale: 0.10
2026-02-06 00:18:42 [INFO] Epoch 4 [1800/2500] Loss: 0.0004 | Phase: easy | Scale: 0.10
2026-02-06 00:18:52 [INFO] Epoch 4 [1850/2500] Loss: 0.0006 | Phase: easy | Scale: 0.10
2026-02-06 00:19:02 [INFO] Epoch 4 [1900/2500] Loss: 0.0005 | Phase: easy | Scale: 0.10
2026-02-06 00:19:13 [INFO] Epoch 4 [1950/2500] Loss: 0.0006 | Phase: easy | Scale: 0.10
2026-02-06 00:19:23 [INFO] Epoch 4 [2000/2500] Loss: 0.0008 | Phase: easy | Scale: 0.10
2026-02-06 00:19:34 [INFO] Epoch 4 [2050/2500] Loss: 0.0002 | Phase: easy | Scale: 0.10
2026-02-06 00:19:44 [INFO] Epoch 4 [2100/2500] Loss: 0.0027 | Phase: easy | Scale: 0.10
2026-02-06 00:19:55 [INFO] Epoch 4 [2150/2500] Loss: 0.0003 | Phase: easy | Scale: 0.10
2026-02-06 00:20:05 [INFO] Epoch 4 [2200/2500] Loss: 0.0025 | Phase: easy | Scale: 0.10
2026-02-06 00:20:16 [INFO] Epoch 4 [2250/2500] Loss: 0.0003 | Phase: easy | Scale: 0.10
2026-02-06 00:20:26 [INFO] Epoch 4 [2300/2500] Loss: 0.0003 | Phase: easy | Scale: 0.10
2026-02-06 00:20:37 [INFO] Epoch 4 [2350/2500] Loss: 0.0002 | Phase: easy | Scale: 0.10
2026-02-06 00:20:47 [INFO] Epoch 4 [2400/2500] Loss: 0.0001 | Phase: easy | Scale: 0.10
2026-02-06 00:20:58 [INFO] Epoch 4 [2450/2500] Loss: 0.0006 | Phase: easy | Scale: 0.10
2026-02-06 00:26:09 [INFO] Epoch 4/100 (822.9s) | Phase: easy | LR: 1.00e-04 | Train Loss: 0.0014 | Val Loss: 0.3145 | Val Dice: 0.9089 | Val IoU: 0.8330
2026-02-06 00:26:10 [INFO] New best model saved (dice=0.9089)
2026-02-06 00:26:17 [INFO] Epoch 5 [0/2500] Loss: 0.0004 | Phase: easy | Scale: 0.10
2026-02-06 00:26:27 [INFO] Epoch 5 [50/2500] Loss: 0.0011 | Phase: easy | Scale: 0.10
2026-02-06 00:26:37 [INFO] Epoch 5 [100/2500] Loss: 0.0005 | Phase: easy | Scale: 0.10
2026-02-06 00:26:48 [INFO] Epoch 5 [150/2500] Loss: 0.0005 | Phase: easy | Scale: 0.10
2026-02-06 00:26:58 [INFO] Epoch 5 [200/2500] Loss: 0.0004 | Phase: easy | Scale: 0.10
2026-02-06 00:27:08 [INFO] Epoch 5 [250/2500] Loss: 0.0005 | Phase: easy | Scale: 0.10
2026-02-06 00:27:19 [INFO] Epoch 5 [300/2500] Loss: 0.0025 | Phase: easy | Scale: 0.10
2026-02-06 00:27:29 [INFO] Epoch 5 [350/2500] Loss: 0.0003 | Phase: easy | Scale: 0.10
2026-02-06 00:27:39 [INFO] Epoch 5 [400/2500] Loss: 0.0002 | Phase: easy | Scale: 0.10
2026-02-06 00:27:50 [INFO] Epoch 5 [450/2500] Loss: 0.0009 | Phase: easy | Scale: 0.10
2026-02-06 00:28:00 [INFO] Epoch 5 [500/2500] Loss: 0.0000 | Phase: easy | Scale: 0.10
2026-02-06 00:28:10 [INFO] Epoch 5 [550/2500] Loss: 0.0004 | Phase: easy | Scale: 0.10
2026-02-06 00:28:21 [INFO] Epoch 5 [600/2500] Loss: 0.0002 | Phase: easy | Scale: 0.10
2026-02-06 00:28:31 [INFO] Epoch 5 [650/2500] Loss: 0.0001 | Phase: easy | Scale: 0.10
2026-02-06 00:28:41 [INFO] Epoch 5 [700/2500] Loss: 0.0006 | Phase: easy | Scale: 0.10
2026-02-06 00:28:52 [INFO] Epoch 5 [750/2500] Loss: 0.0001 | Phase: easy | Scale: 0.10
2026-02-06 00:29:02 [INFO] Epoch 5 [800/2500] Loss: 0.0001 | Phase: easy | Scale: 0.10
2026-02-06 00:29:12 [INFO] Epoch 5 [850/2500] Loss: 0.0007 | Phase: easy | Scale: 0.10
2026-02-06 00:29:23 [INFO] Epoch 5 [900/2500] Loss: 0.0001 | Phase: easy | Scale: 0.10
2026-02-06 00:29:33 [INFO] Epoch 5 [950/2500] Loss: 0.0001 | Phase: easy | Scale: 0.10
2026-02-06 00:29:43 [INFO] Epoch 5 [1000/2500] Loss: 0.0005 | Phase: easy | Scale: 0.10
2026-02-06 00:29:54 [INFO] Epoch 5 [1050/2500] Loss: 0.0003 | Phase: easy | Scale: 0.10
2026-02-06 00:30:04 [INFO] Epoch 5 [1100/2500] Loss: 0.0000 | Phase: easy | Scale: 0.10
2026-02-06 00:30:14 [INFO] Epoch 5 [1150/2500] Loss: 0.0007 | Phase: easy | Scale: 0.10
2026-02-06 00:30:25 [INFO] Epoch 5 [1200/2500] Loss: 0.0002 | Phase: easy | Scale: 0.10
2026-02-06 00:30:35 [INFO] Epoch 5 [1250/2500] Loss: 0.0003 | Phase: easy | Scale: 0.10
2026-02-06 00:30:45 [INFO] Epoch 5 [1300/2500] Loss: 0.0002 | Phase: easy | Scale: 0.10
2026-02-06 00:30:56 [INFO] Epoch 5 [1350/2500] Loss: 0.0006 | Phase: easy | Scale: 0.10
2026-02-06 00:31:06 [INFO] Epoch 5 [1400/2500] Loss: 0.0029 | Phase: easy | Scale: 0.10
2026-02-06 00:31:16 [INFO] Epoch 5 [1450/2500] Loss: 0.0005 | Phase: easy | Scale: 0.10
2026-02-06 00:31:27 [INFO] Epoch 5 [1500/2500] Loss: 0.0005 | Phase: easy | Scale: 0.10
2026-02-06 00:31:37 [INFO] Epoch 5 [1550/2500] Loss: 0.0002 | Phase: easy | Scale: 0.10
2026-02-06 00:31:47 [INFO] Epoch 5 [1600/2500] Loss: 0.0006 | Phase: easy | Scale: 0.10
2026-02-06 00:31:58 [INFO] Epoch 5 [1650/2500] Loss: 0.0002 | Phase: easy | Scale: 0.10
2026-02-06 00:32:08 [INFO] Epoch 5 [1700/2500] Loss: 0.0003 | Phase: easy | Scale: 0.10
2026-02-06 00:32:18 [INFO] Epoch 5 [1750/2500] Loss: 0.0004 | Phase: easy | Scale: 0.10
2026-02-06 00:32:29 [INFO] Epoch 5 [1800/2500] Loss: 0.0002 | Phase: easy | Scale: 0.10
2026-02-06 00:32:39 [INFO] Epoch 5 [1850/2500] Loss: 0.0002 | Phase: easy | Scale: 0.10
2026-02-06 00:32:49 [INFO] Epoch 5 [1900/2500] Loss: 0.0006 | Phase: easy | Scale: 0.10
2026-02-06 00:33:00 [INFO] Epoch 5 [1950/2500] Loss: 0.0009 | Phase: easy | Scale: 0.10
2026-02-06 00:33:10 [INFO] Epoch 5 [2000/2500] Loss: 0.0002 | Phase: easy | Scale: 0.10
2026-02-06 00:33:20 [INFO] Epoch 5 [2050/2500] Loss: 0.0001 | Phase: easy | Scale: 0.10
2026-02-06 00:33:31 [INFO] Epoch 5 [2100/2500] Loss: 0.0006 | Phase: easy | Scale: 0.10
2026-02-06 00:33:41 [INFO] Epoch 5 [2150/2500] Loss: 0.0000 | Phase: easy | Scale: 0.10
2026-02-06 00:33:51 [INFO] Epoch 5 [2200/2500] Loss: 0.0002 | Phase: easy | Scale: 0.10
2026-02-06 00:34:02 [INFO] Epoch 5 [2250/2500] Loss: 0.0002 | Phase: easy | Scale: 0.10
2026-02-06 00:34:12 [INFO] Epoch 5 [2300/2500] Loss: 0.0002 | Phase: easy | Scale: 0.10
2026-02-06 00:34:22 [INFO] Epoch 5 [2350/2500] Loss: 0.0002 | Phase: easy | Scale: 0.10
2026-02-06 00:34:33 [INFO] Epoch 5 [2400/2500] Loss: 0.0001 | Phase: easy | Scale: 0.10
2026-02-06 00:34:43 [INFO] Epoch 5 [2450/2500] Loss: 0.0016 | Phase: easy | Scale: 0.10
2026-02-06 00:40:33 [INFO] Epoch 5/100 (862.8s) | Phase: easy | LR: 9.99e-05 | Train Loss: 0.0004 | Val Loss: 0.3671 | Val Dice: 0.8964 | Val IoU: 0.8122
2026-02-06 00:40:40 [INFO] Epoch 6 [0/2500] Loss: 0.0002 | Phase: easy | Scale: 0.10
2026-02-06 00:40:50 [INFO] Epoch 6 [50/2500] Loss: 0.0005 | Phase: easy | Scale: 0.10
2026-02-06 00:41:01 [INFO] Epoch 6 [100/2500] Loss: 0.0003 | Phase: easy | Scale: 0.10
2026-02-06 00:41:11 [INFO] Epoch 6 [150/2500] Loss: 0.0004 | Phase: easy | Scale: 0.10
2026-02-06 00:41:21 [INFO] Epoch 6 [200/2500] Loss: 0.0003 | Phase: easy | Scale: 0.10
2026-02-06 00:41:31 [INFO] Epoch 6 [250/2500] Loss: 0.0001 | Phase: easy | Scale: 0.10
2026-02-06 00:41:42 [INFO] Epoch 6 [300/2500] Loss: 0.0001 | Phase: easy | Scale: 0.10
2026-02-06 00:41:52 [INFO] Epoch 6 [350/2500] Loss: 0.0002 | Phase: easy | Scale: 0.10
2026-02-06 00:42:02 [INFO] Epoch 6 [400/2500] Loss: 0.0002 | Phase: easy | Scale: 0.10
2026-02-06 00:42:13 [INFO] Epoch 6 [450/2500] Loss: 0.0002 | Phase: easy | Scale: 0.10
2026-02-06 00:42:23 [INFO] Epoch 6 [500/2500] Loss: 0.0000 | Phase: easy | Scale: 0.10
2026-02-06 00:42:33 [INFO] Epoch 6 [550/2500] Loss: 0.0006 | Phase: easy | Scale: 0.10
2026-02-06 00:42:44 [INFO] Epoch 6 [600/2500] Loss: 0.0001 | Phase: easy | Scale: 0.10
2026-02-06 00:42:54 [INFO] Epoch 6 [650/2500] Loss: 0.0000 | Phase: easy | Scale: 0.10
2026-02-06 00:43:04 [INFO] Epoch 6 [700/2500] Loss: 0.0000 | Phase: easy | Scale: 0.10
2026-02-06 00:43:15 [INFO] Epoch 6 [750/2500] Loss: 0.0000 | Phase: easy | Scale: 0.10
2026-02-06 00:43:25 [INFO] Epoch 6 [800/2500] Loss: 0.0000 | Phase: easy | Scale: 0.10
2026-02-06 00:43:35 [INFO] Epoch 6 [850/2500] Loss: 0.0002 | Phase: easy | Scale: 0.10
2026-02-06 00:43:46 [INFO] Epoch 6 [900/2500] Loss: 0.0000 | Phase: easy | Scale: 0.10
2026-02-06 00:43:56 [INFO] Epoch 6 [950/2500] Loss: 0.0002 | Phase: easy | Scale: 0.10
2026-02-06 00:44:06 [INFO] Epoch 6 [1000/2500] Loss: 0.0002 | Phase: easy | Scale: 0.10
2026-02-06 00:44:17 [INFO] Epoch 6 [1050/2500] Loss: 0.0000 | Phase: easy | Scale: 0.10
2026-02-06 00:44:27 [INFO] Epoch 6 [1100/2500] Loss: 0.0000 | Phase: easy | Scale: 0.10
2026-02-06 00:44:37 [INFO] Epoch 6 [1150/2500] Loss: 0.0001 | Phase: easy | Scale: 0.10
2026-02-06 00:44:48 [INFO] Epoch 6 [1200/2500] Loss: 0.0002 | Phase: easy | Scale: 0.10
2026-02-06 00:44:58 [INFO] Epoch 6 [1250/2500] Loss: 0.0001 | Phase: easy | Scale: 0.10
2026-02-06 00:45:08 [INFO] Epoch 6 [1300/2500] Loss: 0.0000 | Phase: easy | Scale: 0.10
2026-02-06 00:45:19 [INFO] Epoch 6 [1350/2500] Loss: 0.0002 | Phase: easy | Scale: 0.10
2026-02-06 00:45:29 [INFO] Epoch 6 [1400/2500] Loss: 0.0002 | Phase: easy | Scale: 0.10
2026-02-06 00:45:39 [INFO] Epoch 6 [1450/2500] Loss: 0.0005 | Phase: easy | Scale: 0.10
2026-02-06 00:45:50 [INFO] Epoch 6 [1500/2500] Loss: 0.0003 | Phase: easy | Scale: 0.10
2026-02-06 00:46:00 [INFO] Epoch 6 [1550/2500] Loss: 0.0001 | Phase: easy | Scale: 0.10
2026-02-06 00:46:10 [INFO] Epoch 6 [1600/2500] Loss: 0.0004 | Phase: easy | Scale: 0.10
2026-02-06 00:46:21 [INFO] Epoch 6 [1650/2500] Loss: 0.0001 | Phase: easy | Scale: 0.10
2026-02-06 00:46:31 [INFO] Epoch 6 [1700/2500] Loss: 0.0003 | Phase: easy | Scale: 0.10
2026-02-06 00:46:41 [INFO] Epoch 6 [1750/2500] Loss: 0.0002 | Phase: easy | Scale: 0.10
2026-02-06 00:46:52 [INFO] Epoch 6 [1800/2500] Loss: 0.0002 | Phase: easy | Scale: 0.10
2026-02-06 00:47:02 [INFO] Epoch 6 [1850/2500] Loss: 0.0001 | Phase: easy | Scale: 0.10
2026-02-06 00:47:12 [INFO] Epoch 6 [1900/2500] Loss: 0.0006 | Phase: easy | Scale: 0.10
2026-02-06 00:47:23 [INFO] Epoch 6 [1950/2500] Loss: 0.0002 | Phase: easy | Scale: 0.10
2026-02-06 00:47:33 [INFO] Epoch 6 [2000/2500] Loss: 0.0001 | Phase: easy | Scale: 0.10
2026-02-06 00:47:43 [INFO] Epoch 6 [2050/2500] Loss: 0.0000 | Phase: easy | Scale: 0.10
2026-02-06 00:47:53 [INFO] Epoch 6 [2100/2500] Loss: 0.0001 | Phase: easy | Scale: 0.10
2026-02-06 00:48:03 [INFO] Epoch 6 [2150/2500] Loss: 0.0000 | Phase: easy | Scale: 0.10
2026-02-06 00:48:14 [INFO] Epoch 6 [2200/2500] Loss: 0.0001 | Phase: easy | Scale: 0.10
2026-02-06 00:48:24 [INFO] Epoch 6 [2250/2500] Loss: 0.0001 | Phase: easy | Scale: 0.10
2026-02-06 00:48:34 [INFO] Epoch 6 [2300/2500] Loss: 0.0002 | Phase: easy | Scale: 0.10
2026-02-06 00:48:44 [INFO] Epoch 6 [2350/2500] Loss: 0.0000 | Phase: easy | Scale: 0.10
2026-02-06 00:48:54 [INFO] Epoch 6 [2400/2500] Loss: 0.0000 | Phase: easy | Scale: 0.10
2026-02-06 00:49:05 [INFO] Epoch 6 [2450/2500] Loss: 0.0014 | Phase: easy | Scale: 0.10
2026-02-06 00:54:20 [INFO] Epoch 6/100 (826.4s) | Phase: easy | LR: 9.98e-05 | Train Loss: 0.0002 | Val Loss: 0.3304 | Val Dice: 0.9079 | Val IoU: 0.8313
2026-02-06 00:54:27 [INFO] Epoch 7 [0/2500] Loss: 0.0002 | Phase: easy | Scale: 0.10
2026-02-06 00:54:37 [INFO] Epoch 7 [50/2500] Loss: 0.0003 | Phase: easy | Scale: 0.10
2026-02-06 00:54:47 [INFO] Epoch 7 [100/2500] Loss: 0.0002 | Phase: easy | Scale: 0.10
2026-02-06 00:54:57 [INFO] Epoch 7 [150/2500] Loss: 0.0001 | Phase: easy | Scale: 0.10
2026-02-06 00:55:07 [INFO] Epoch 7 [200/2500] Loss: 0.0002 | Phase: easy | Scale: 0.10
2026-02-06 00:55:17 [INFO] Epoch 7 [250/2500] Loss: 0.0002 | Phase: easy | Scale: 0.10
2026-02-06 00:55:28 [INFO] Epoch 7 [300/2500] Loss: 0.0000 | Phase: easy | Scale: 0.10
2026-02-06 00:55:38 [INFO] Epoch 7 [350/2500] Loss: 0.0002 | Phase: easy | Scale: 0.10
2026-02-06 00:55:48 [INFO] Epoch 7 [400/2500] Loss: 0.0002 | Phase: easy | Scale: 0.10
2026-02-06 00:55:58 [INFO] Epoch 7 [450/2500] Loss: 0.0003 | Phase: easy | Scale: 0.10
2026-02-06 00:56:08 [INFO] Epoch 7 [500/2500] Loss: 0.0000 | Phase: easy | Scale: 0.10
2026-02-06 00:56:18 [INFO] Epoch 7 [550/2500] Loss: 0.0002 | Phase: easy | Scale: 0.10
2026-02-06 00:56:29 [INFO] Epoch 7 [600/2500] Loss: 0.0001 | Phase: easy | Scale: 0.10
2026-02-06 00:56:39 [INFO] Epoch 7 [650/2500] Loss: 0.0000 | Phase: easy | Scale: 0.10
2026-02-06 00:56:49 [INFO] Epoch 7 [700/2500] Loss: 0.0000 | Phase: easy | Scale: 0.10
2026-02-06 00:56:59 [INFO] Epoch 7 [750/2500] Loss: 0.0000 | Phase: easy | Scale: 0.10
2026-02-06 00:57:09 [INFO] Epoch 7 [800/2500] Loss: 0.0001 | Phase: easy | Scale: 0.10
2026-02-06 00:57:20 [INFO] Epoch 7 [850/2500] Loss: 0.0001 | Phase: easy | Scale: 0.10
2026-02-06 00:57:30 [INFO] Epoch 7 [900/2500] Loss: 0.0000 | Phase: easy | Scale: 0.10
2026-02-06 00:57:40 [INFO] Epoch 7 [950/2500] Loss: 0.0001 | Phase: easy | Scale: 0.10
2026-02-06 00:57:50 [INFO] Epoch 7 [1000/2500] Loss: 0.0003 | Phase: easy | Scale: 0.10
2026-02-06 00:58:00 [INFO] Epoch 7 [1050/2500] Loss: 0.0000 | Phase: easy | Scale: 0.10
2026-02-06 00:58:11 [INFO] Epoch 7 [1100/2500] Loss: 0.0000 | Phase: easy | Scale: 0.10
2026-02-06 00:58:21 [INFO] Epoch 7 [1150/2500] Loss: 0.0001 | Phase: easy | Scale: 0.10
2026-02-06 00:58:31 [INFO] Epoch 7 [1200/2500] Loss: 0.0002 | Phase: easy | Scale: 0.10
2026-02-06 00:58:41 [INFO] Epoch 7 [1250/2500] Loss: 0.0001 | Phase: easy | Scale: 0.10
2026-02-06 00:58:51 [INFO] Epoch 7 [1300/2500] Loss: 0.0000 | Phase: easy | Scale: 0.10
2026-02-06 00:59:01 [INFO] Epoch 7 [1350/2500] Loss: 0.0001 | Phase: easy | Scale: 0.10
2026-02-06 00:59:12 [INFO] Epoch 7 [1400/2500] Loss: 0.0002 | Phase: easy | Scale: 0.10
2026-02-06 00:59:22 [INFO] Epoch 7 [1450/2500] Loss: 0.0003 | Phase: easy | Scale: 0.10
2026-02-06 00:59:32 [INFO] Epoch 7 [1500/2500] Loss: 0.0002 | Phase: easy | Scale: 0.10
2026-02-06 00:59:42 [INFO] Epoch 7 [1550/2500] Loss: 0.0002 | Phase: easy | Scale: 0.10
2026-02-06 00:59:52 [INFO] Epoch 7 [1600/2500] Loss: 0.0003 | Phase: easy | Scale: 0.10
2026-02-06 01:00:03 [INFO] Epoch 7 [1650/2500] Loss: 0.0001 | Phase: easy | Scale: 0.10
2026-02-06 01:00:13 [INFO] Epoch 7 [1700/2500] Loss: 0.0002 | Phase: easy | Scale: 0.10
2026-02-06 01:00:23 [INFO] Epoch 7 [1750/2500] Loss: 0.0002 | Phase: easy | Scale: 0.10
2026-02-06 01:00:33 [INFO] Epoch 7 [1800/2500] Loss: 0.0002 | Phase: easy | Scale: 0.10
2026-02-06 01:00:43 [INFO] Epoch 7 [1850/2500] Loss: 0.0001 | Phase: easy | Scale: 0.10
2026-02-06 01:00:54 [INFO] Epoch 7 [1900/2500] Loss: 0.0004 | Phase: easy | Scale: 0.10
2026-02-06 01:01:04 [INFO] Epoch 7 [1950/2500] Loss: 0.0001 | Phase: easy | Scale: 0.10
2026-02-06 01:01:14 [INFO] Epoch 7 [2000/2500] Loss: 0.0001 | Phase: easy | Scale: 0.10
2026-02-06 01:01:24 [INFO] Epoch 7 [2050/2500] Loss: 0.0000 | Phase: easy | Scale: 0.10
2026-02-06 01:01:34 [INFO] Epoch 7 [2100/2500] Loss: 0.0001 | Phase: easy | Scale: 0.10
2026-02-06 01:01:45 [INFO] Epoch 7 [2150/2500] Loss: 0.0000 | Phase: easy | Scale: 0.10
2026-02-06 01:01:55 [INFO] Epoch 7 [2200/2500] Loss: 0.0001 | Phase: easy | Scale: 0.10
2026-02-06 01:02:05 [INFO] Epoch 7 [2250/2500] Loss: 0.0001 | Phase: easy | Scale: 0.10
2026-02-06 01:02:15 [INFO] Epoch 7 [2300/2500] Loss: 0.0001 | Phase: easy | Scale: 0.10
2026-02-06 01:02:25 [INFO] Epoch 7 [2350/2500] Loss: 0.0000 | Phase: easy | Scale: 0.10
2026-02-06 01:02:36 [INFO] Epoch 7 [2400/2500] Loss: 0.0000 | Phase: easy | Scale: 0.10
2026-02-06 01:02:46 [INFO] Epoch 7 [2450/2500] Loss: 0.0003 | Phase: easy | Scale: 0.10
2026-02-06 01:07:44 [INFO] Epoch 7/100 (803.9s) | Phase: easy | LR: 9.96e-05 | Train Loss: 0.0001 | Val Loss: 0.3673 | Val Dice: 0.9078 | Val IoU: 0.8312
2026-02-06 01:07:51 [INFO] Epoch 8 [0/2500] Loss: 0.0002 | Phase: easy | Scale: 0.10
2026-02-06 01:08:01 [INFO] Epoch 8 [50/2500] Loss: 0.0002 | Phase: easy | Scale: 0.10
2026-02-06 01:08:11 [INFO] Epoch 8 [100/2500] Loss: 0.0002 | Phase: easy | Scale: 0.10
2026-02-06 01:08:21 [INFO] Epoch 8 [150/2500] Loss: 0.0001 | Phase: easy | Scale: 0.10
2026-02-06 01:08:31 [INFO] Epoch 8 [200/2500] Loss: 0.0001 | Phase: easy | Scale: 0.10
2026-02-06 01:08:42 [INFO] Epoch 8 [250/2500] Loss: 0.0001 | Phase: easy | Scale: 0.10
2026-02-06 01:08:52 [INFO] Epoch 8 [300/2500] Loss: 0.0000 | Phase: easy | Scale: 0.10
2026-02-06 01:09:02 [INFO] Epoch 8 [350/2500] Loss: 0.0001 | Phase: easy | Scale: 0.10
2026-02-06 01:09:12 [INFO] Epoch 8 [400/2500] Loss: 0.0001 | Phase: easy | Scale: 0.10
2026-02-06 01:09:22 [INFO] Epoch 8 [450/2500] Loss: 0.0001 | Phase: easy | Scale: 0.10
2026-02-06 01:09:33 [INFO] Epoch 8 [500/2500] Loss: 0.0000 | Phase: easy | Scale: 0.10
2026-02-06 01:09:43 [INFO] Epoch 8 [550/2500] Loss: 0.0002 | Phase: easy | Scale: 0.10
2026-02-06 01:09:53 [INFO] Epoch 8 [600/2500] Loss: 0.0001 | Phase: easy | Scale: 0.10
2026-02-06 01:10:03 [INFO] Epoch 8 [650/2500] Loss: 0.0000 | Phase: easy | Scale: 0.10
2026-02-06 01:10:13 [INFO] Epoch 8 [700/2500] Loss: 0.0000 | Phase: easy | Scale: 0.10
2026-02-06 01:10:23 [INFO] Epoch 8 [750/2500] Loss: 0.0000 | Phase: easy | Scale: 0.10
2026-02-06 01:10:34 [INFO] Epoch 8 [800/2500] Loss: 0.0000 | Phase: easy | Scale: 0.10
2026-02-06 01:10:44 [INFO] Epoch 8 [850/2500] Loss: 0.0000 | Phase: easy | Scale: 0.10
2026-02-06 01:10:54 [INFO] Epoch 8 [900/2500] Loss: 0.0000 | Phase: easy | Scale: 0.10
2026-02-06 01:11:04 [INFO] Epoch 8 [950/2500] Loss: 0.0001 | Phase: easy | Scale: 0.10
2026-02-06 01:11:14 [INFO] Epoch 8 [1000/2500] Loss: 0.0001 | Phase: easy | Scale: 0.10
2026-02-06 01:11:25 [INFO] Epoch 8 [1050/2500] Loss: 0.0000 | Phase: easy | Scale: 0.10
2026-02-06 01:11:35 [INFO] Epoch 8 [1100/2500] Loss: 0.0000 | Phase: easy | Scale: 0.10
2026-02-06 01:11:45 [INFO] Epoch 8 [1150/2500] Loss: 0.0000 | Phase: easy | Scale: 0.10
2026-02-06 01:11:55 [INFO] Epoch 8 [1200/2500] Loss: 0.0000 | Phase: easy | Scale: 0.10
2026-02-06 01:12:05 [INFO] Epoch 8 [1250/2500] Loss: 0.0001 | Phase: easy | Scale: 0.10
2026-02-06 01:12:16 [INFO] Epoch 8 [1300/2500] Loss: 0.0000 | Phase: easy | Scale: 0.10
2026-02-06 01:12:26 [INFO] Epoch 8 [1350/2500] Loss: 0.0001 | Phase: easy | Scale: 0.10
2026-02-06 01:12:36 [INFO] Epoch 8 [1400/2500] Loss: 0.0001 | Phase: easy | Scale: 0.10
2026-02-06 01:12:46 [INFO] Epoch 8 [1450/2500] Loss: 0.0004 | Phase: easy | Scale: 0.10
2026-02-06 01:12:56 [INFO] Epoch 8 [1500/2500] Loss: 0.0002 | Phase: easy | Scale: 0.10
2026-02-06 01:13:07 [INFO] Epoch 8 [1550/2500] Loss: 0.0001 | Phase: easy | Scale: 0.10
2026-02-06 01:13:17 [INFO] Epoch 8 [1600/2500] Loss: 0.0002 | Phase: easy | Scale: 0.10
2026-02-06 01:13:27 [INFO] Epoch 8 [1650/2500] Loss: 0.0000 | Phase: easy | Scale: 0.10
2026-02-06 01:13:37 [INFO] Epoch 8 [1700/2500] Loss: 0.0001 | Phase: easy | Scale: 0.10
2026-02-06 01:13:47 [INFO] Epoch 8 [1750/2500] Loss: 0.0001 | Phase: easy | Scale: 0.10
2026-02-06 01:13:58 [INFO] Epoch 8 [1800/2500] Loss: 0.0002 | Phase: easy | Scale: 0.10
2026-02-06 01:14:08 [INFO] Epoch 8 [1850/2500] Loss: 0.0000 | Phase: easy | Scale: 0.10
2026-02-06 01:14:18 [INFO] Epoch 8 [1900/2500] Loss: 0.0003 | Phase: easy | Scale: 0.10
2026-02-06 01:14:28 [INFO] Epoch 8 [1950/2500] Loss: 0.0002 | Phase: easy | Scale: 0.10
2026-02-06 01:14:38 [INFO] Epoch 8 [2000/2500] Loss: 0.0000 | Phase: easy | Scale: 0.10
2026-02-06 01:14:48 [INFO] Epoch 8 [2050/2500] Loss: 0.0000 | Phase: easy | Scale: 0.10
2026-02-06 01:14:59 [INFO] Epoch 8 [2100/2500] Loss: 0.0001 | Phase: easy | Scale: 0.10
2026-02-06 01:15:09 [INFO] Epoch 8 [2150/2500] Loss: 0.0000 | Phase: easy | Scale: 0.10
2026-02-06 01:15:19 [INFO] Epoch 8 [2200/2500] Loss: 0.0001 | Phase: easy | Scale: 0.10
2026-02-06 01:15:29 [INFO] Epoch 8 [2250/2500] Loss: 0.0002 | Phase: easy | Scale: 0.10
2026-02-06 01:15:39 [INFO] Epoch 8 [2300/2500] Loss: 0.0001 | Phase: easy | Scale: 0.10
2026-02-06 01:15:50 [INFO] Epoch 8 [2350/2500] Loss: 0.0000 | Phase: easy | Scale: 0.10
2026-02-06 01:16:00 [INFO] Epoch 8 [2400/2500] Loss: 0.0000 | Phase: easy | Scale: 0.10
2026-02-06 01:16:10 [INFO] Epoch 8 [2450/2500] Loss: 0.0003 | Phase: easy | Scale: 0.10
2026-02-06 01:21:55 [INFO] Epoch 8/100 (850.8s) | Phase: easy | LR: 9.93e-05 | Train Loss: 0.0001 | Val Loss: 0.3293 | Val Dice: 0.9037 | Val IoU: 0.8243
2026-02-06 01:22:02 [INFO] Epoch 9 [0/2500] Loss: 0.0001 | Phase: easy | Scale: 0.10
2026-02-06 01:22:12 [INFO] Epoch 9 [50/2500] Loss: 0.0003 | Phase: easy | Scale: 0.10
2026-02-06 01:22:22 [INFO] Epoch 9 [100/2500] Loss: 0.0002 | Phase: easy | Scale: 0.10
2026-02-06 01:22:33 [INFO] Epoch 9 [150/2500] Loss: 0.0000 | Phase: easy | Scale: 0.10
2026-02-06 01:22:43 [INFO] Epoch 9 [200/2500] Loss: 0.0002 | Phase: easy | Scale: 0.10
2026-02-06 01:22:53 [INFO] Epoch 9 [250/2500] Loss: 0.0002 | Phase: easy | Scale: 0.10
2026-02-06 01:23:03 [INFO] Epoch 9 [300/2500] Loss: 0.0000 | Phase: easy | Scale: 0.10
2026-02-06 01:23:13 [INFO] Epoch 9 [350/2500] Loss: 0.0001 | Phase: easy | Scale: 0.10
2026-02-06 01:23:23 [INFO] Epoch 9 [400/2500] Loss: 0.0001 | Phase: easy | Scale: 0.10
2026-02-06 01:23:34 [INFO] Epoch 9 [450/2500] Loss: 0.0001 | Phase: easy | Scale: 0.10
2026-02-06 01:23:44 [INFO] Epoch 9 [500/2500] Loss: 0.0000 | Phase: easy | Scale: 0.10
2026-02-06 01:23:54 [INFO] Epoch 9 [550/2500] Loss: 0.0002 | Phase: easy | Scale: 0.10
2026-02-06 01:24:04 [INFO] Epoch 9 [600/2500] Loss: 0.0001 | Phase: easy | Scale: 0.10
2026-02-06 01:24:14 [INFO] Epoch 9 [650/2500] Loss: 0.0000 | Phase: easy | Scale: 0.10
2026-02-06 01:24:25 [INFO] Epoch 9 [700/2500] Loss: 0.0000 | Phase: easy | Scale: 0.10
2026-02-06 01:24:35 [INFO] Epoch 9 [750/2500] Loss: 0.0000 | Phase: easy | Scale: 0.10
2026-02-06 01:24:45 [INFO] Epoch 9 [800/2500] Loss: 0.0000 | Phase: easy | Scale: 0.10
2026-02-06 01:24:55 [INFO] Epoch 9 [850/2500] Loss: 0.0000 | Phase: easy | Scale: 0.10
2026-02-06 01:25:05 [INFO] Epoch 9 [900/2500] Loss: 0.0000 | Phase: easy | Scale: 0.10
2026-02-06 01:25:15 [INFO] Epoch 9 [950/2500] Loss: 0.0001 | Phase: easy | Scale: 0.10
2026-02-06 01:25:26 [INFO] Epoch 9 [1000/2500] Loss: 0.0003 | Phase: easy | Scale: 0.10
2026-02-06 01:25:36 [INFO] Epoch 9 [1050/2500] Loss: 0.0000 | Phase: easy | Scale: 0.10
2026-02-06 01:25:46 [INFO] Epoch 9 [1100/2500] Loss: 0.0000 | Phase: easy | Scale: 0.10
2026-02-06 01:25:56 [INFO] Epoch 9 [1150/2500] Loss: 0.0001 | Phase: easy | Scale: 0.10
2026-02-06 01:26:06 [INFO] Epoch 9 [1200/2500] Loss: 0.0000 | Phase: easy | Scale: 0.10
2026-02-06 01:26:17 [INFO] Epoch 9 [1250/2500] Loss: 0.0001 | Phase: easy | Scale: 0.10
2026-02-06 01:26:27 [INFO] Epoch 9 [1300/2500] Loss: 0.0000 | Phase: easy | Scale: 0.10
2026-02-06 01:26:37 [INFO] Epoch 9 [1350/2500] Loss: 0.0001 | Phase: easy | Scale: 0.10
2026-02-06 01:26:47 [INFO] Epoch 9 [1400/2500] Loss: 0.0001 | Phase: easy | Scale: 0.10
2026-02-06 01:26:57 [INFO] Epoch 9 [1450/2500] Loss: 0.0001 | Phase: easy | Scale: 0.10
2026-02-06 01:27:08 [INFO] Epoch 9 [1500/2500] Loss: 0.0002 | Phase: easy | Scale: 0.10
2026-02-06 01:27:18 [INFO] Epoch 9 [1550/2500] Loss: 0.0001 | Phase: easy | Scale: 0.10
2026-02-06 01:27:28 [INFO] Epoch 9 [1600/2500] Loss: 0.0002 | Phase: easy | Scale: 0.10
2026-02-06 01:27:38 [INFO] Epoch 9 [1650/2500] Loss: 0.0000 | Phase: easy | Scale: 0.10
2026-02-06 01:27:48 [INFO] Epoch 9 [1700/2500] Loss: 0.0001 | Phase: easy | Scale: 0.10
2026-02-06 01:27:59 [INFO] Epoch 9 [1750/2500] Loss: 0.0002 | Phase: easy | Scale: 0.10
2026-02-06 01:28:09 [INFO] Epoch 9 [1800/2500] Loss: 0.0001 | Phase: easy | Scale: 0.10
2026-02-06 01:28:19 [INFO] Epoch 9 [1850/2500] Loss: 0.0001 | Phase: easy | Scale: 0.10
2026-02-06 01:28:29 [INFO] Epoch 9 [1900/2500] Loss: 0.0003 | Phase: easy | Scale: 0.10
2026-02-06 01:28:39 [INFO] Epoch 9 [1950/2500] Loss: 0.0002 | Phase: easy | Scale: 0.10
2026-02-06 01:28:50 [INFO] Epoch 9 [2000/2500] Loss: 0.0000 | Phase: easy | Scale: 0.10
2026-02-06 01:29:00 [INFO] Epoch 9 [2050/2500] Loss: 0.0000 | Phase: easy | Scale: 0.10
2026-02-06 01:29:10 [INFO] Epoch 9 [2100/2500] Loss: 0.0001 | Phase: easy | Scale: 0.10
2026-02-06 01:29:20 [INFO] Epoch 9 [2150/2500] Loss: 0.0000 | Phase: easy | Scale: 0.10
2026-02-06 01:29:30 [INFO] Epoch 9 [2200/2500] Loss: 0.0001 | Phase: easy | Scale: 0.10
2026-02-06 01:29:41 [INFO] Epoch 9 [2250/2500] Loss: 0.0003 | Phase: easy | Scale: 0.10
2026-02-06 01:29:51 [INFO] Epoch 9 [2300/2500] Loss: 0.0001 | Phase: easy | Scale: 0.10
2026-02-06 01:30:01 [INFO] Epoch 9 [2350/2500] Loss: 0.0000 | Phase: easy | Scale: 0.10
2026-02-06 01:30:11 [INFO] Epoch 9 [2400/2500] Loss: 0.0000 | Phase: easy | Scale: 0.10
2026-02-06 01:30:21 [INFO] Epoch 9 [2450/2500] Loss: 0.0005 | Phase: easy | Scale: 0.10
2026-02-06 01:36:01 [INFO] Epoch 9/100 (845.9s) | Phase: easy | LR: 9.91e-05 | Train Loss: 0.0001 | Val Loss: 0.3271 | Val Dice: 0.9070 | Val IoU: 0.8299
2026-02-06 01:36:08 [INFO] Epoch 10 [0/2500] Loss: 0.0001 | Phase: easy | Scale: 0.10
2026-02-06 01:36:19 [INFO] Epoch 10 [50/2500] Loss: 0.0003 | Phase: easy | Scale: 0.10
2026-02-06 01:36:29 [INFO] Epoch 10 [100/2500] Loss: 0.0002 | Phase: easy | Scale: 0.10
2026-02-06 01:36:39 [INFO] Epoch 10 [150/2500] Loss: 0.0001 | Phase: easy | Scale: 0.10
2026-02-06 01:36:50 [INFO] Epoch 10 [200/2500] Loss: 0.0001 | Phase: easy | Scale: 0.10
2026-02-06 01:37:00 [INFO] Epoch 10 [250/2500] Loss: 0.0001 | Phase: easy | Scale: 0.10
2026-02-06 01:37:11 [INFO] Epoch 10 [300/2500] Loss: 0.0000 | Phase: easy | Scale: 0.10
2026-02-06 01:37:21 [INFO] Epoch 10 [350/2500] Loss: 0.0002 | Phase: easy | Scale: 0.10
2026-02-06 01:37:31 [INFO] Epoch 10 [400/2500] Loss: 0.0001 | Phase: easy | Scale: 0.10
2026-02-06 01:37:42 [INFO] Epoch 10 [450/2500] Loss: 0.0001 | Phase: easy | Scale: 0.10
2026-02-06 01:37:52 [INFO] Epoch 10 [500/2500] Loss: 0.0000 | Phase: easy | Scale: 0.10
2026-02-06 01:38:02 [INFO] Epoch 10 [550/2500] Loss: 0.0001 | Phase: easy | Scale: 0.10
2026-02-06 01:38:13 [INFO] Epoch 10 [600/2500] Loss: 0.0001 | Phase: easy | Scale: 0.10
2026-02-06 01:38:23 [INFO] Epoch 10 [650/2500] Loss: 0.0000 | Phase: easy | Scale: 0.10
2026-02-06 01:38:34 [INFO] Epoch 10 [700/2500] Loss: 0.0000 | Phase: easy | Scale: 0.10
2026-02-06 01:38:44 [INFO] Epoch 10 [750/2500] Loss: 0.0000 | Phase: easy | Scale: 0.10
2026-02-06 01:38:54 [INFO] Epoch 10 [800/2500] Loss: 0.0000 | Phase: easy | Scale: 0.10
2026-02-06 01:39:05 [INFO] Epoch 10 [850/2500] Loss: 0.0000 | Phase: easy | Scale: 0.10
2026-02-06 01:39:15 [INFO] Epoch 10 [900/2500] Loss: 0.0000 | Phase: easy | Scale: 0.10
2026-02-06 01:39:25 [INFO] Epoch 10 [950/2500] Loss: 0.0000 | Phase: easy | Scale: 0.10
2026-02-06 01:39:36 [INFO] Epoch 10 [1000/2500] Loss: 0.0002 | Phase: easy | Scale: 0.10
2026-02-06 01:39:46 [INFO] Epoch 10 [1050/2500] Loss: 0.0000 | Phase: easy | Scale: 0.10
2026-02-06 01:39:57 [INFO] Epoch 10 [1100/2500] Loss: 0.0000 | Phase: easy | Scale: 0.10
2026-02-06 01:40:07 [INFO] Epoch 10 [1150/2500] Loss: 0.0000 | Phase: easy | Scale: 0.10
2026-02-06 01:40:17 [INFO] Epoch 10 [1200/2500] Loss: 0.0000 | Phase: easy | Scale: 0.10
2026-02-06 01:40:28 [INFO] Epoch 10 [1250/2500] Loss: 0.0001 | Phase: easy | Scale: 0.10
2026-02-06 01:40:38 [INFO] Epoch 10 [1300/2500] Loss: 0.0000 | Phase: easy | Scale: 0.10
2026-02-06 01:40:49 [INFO] Epoch 10 [1350/2500] Loss: 0.0001 | Phase: easy | Scale: 0.10
2026-02-06 01:40:59 [INFO] Epoch 10 [1400/2500] Loss: 0.0001 | Phase: easy | Scale: 0.10
2026-02-06 01:41:10 [INFO] Epoch 10 [1450/2500] Loss: 0.0002 | Phase: easy | Scale: 0.10
2026-02-06 01:41:20 [INFO] Epoch 10 [1500/2500] Loss: 0.0002 | Phase: easy | Scale: 0.10
2026-02-06 01:41:30 [INFO] Epoch 10 [1550/2500] Loss: 0.0001 | Phase: easy | Scale: 0.10
2026-02-06 01:41:41 [INFO] Epoch 10 [1600/2500] Loss: 0.0003 | Phase: easy | Scale: 0.10
2026-02-06 01:41:51 [INFO] Epoch 10 [1650/2500] Loss: 0.0000 | Phase: easy | Scale: 0.10
2026-02-06 01:42:02 [INFO] Epoch 10 [1700/2500] Loss: 0.0001 | Phase: easy | Scale: 0.10
2026-02-06 01:42:12 [INFO] Epoch 10 [1750/2500] Loss: 0.0002 | Phase: easy | Scale: 0.10
2026-02-06 01:42:22 [INFO] Epoch 10 [1800/2500] Loss: 0.0001 | Phase: easy | Scale: 0.10
2026-02-06 01:42:33 [INFO] Epoch 10 [1850/2500] Loss: 0.0001 | Phase: easy | Scale: 0.10
2026-02-06 01:42:43 [INFO] Epoch 10 [1900/2500] Loss: 0.0003 | Phase: easy | Scale: 0.10
2026-02-06 01:42:54 [INFO] Epoch 10 [1950/2500] Loss: 0.0002 | Phase: easy | Scale: 0.10
2026-02-06 01:43:04 [INFO] Epoch 10 [2000/2500] Loss: 0.0000 | Phase: easy | Scale: 0.10
2026-02-06 01:43:14 [INFO] Epoch 10 [2050/2500] Loss: 0.0000 | Phase: easy | Scale: 0.10
2026-02-06 01:43:25 [INFO] Epoch 10 [2100/2500] Loss: 0.0001 | Phase: easy | Scale: 0.10
2026-02-06 01:43:35 [INFO] Epoch 10 [2150/2500] Loss: 0.0000 | Phase: easy | Scale: 0.10
2026-02-06 01:43:46 [INFO] Epoch 10 [2200/2500] Loss: 0.0001 | Phase: easy | Scale: 0.10
2026-02-06 01:43:56 [INFO] Epoch 10 [2250/2500] Loss: 0.0002 | Phase: easy | Scale: 0.10
2026-02-06 01:44:06 [INFO] Epoch 10 [2300/2500] Loss: 0.0001 | Phase: easy | Scale: 0.10
2026-02-06 01:44:17 [INFO] Epoch 10 [2350/2500] Loss: 0.0000 | Phase: easy | Scale: 0.10
2026-02-06 01:44:27 [INFO] Epoch 10 [2400/2500] Loss: 0.0000 | Phase: easy | Scale: 0.10
2026-02-06 01:44:38 [INFO] Epoch 10 [2450/2500] Loss: 0.0003 | Phase: easy | Scale: 0.10
2026-02-06 01:49:30 [INFO] Epoch 10/100 (808.6s) | Phase: easy | LR: 9.87e-05 | Train Loss: 0.0001 | Val Loss: 0.2744 | Val Dice: 0.9241 | Val IoU: 0.8588
2026-02-06 01:49:31 [INFO] New best model saved (dice=0.9241)
2026-02-06 01:49:38 [INFO] Epoch 11 [0/2500] Loss: 0.0001 | Phase: easy | Scale: 0.10
2026-02-06 01:49:48 [INFO] Epoch 11 [50/2500] Loss: 0.0002 | Phase: easy | Scale: 0.10
2026-02-06 01:49:58 [INFO] Epoch 11 [100/2500] Loss: 0.0004 | Phase: easy | Scale: 0.10
2026-02-06 01:50:09 [INFO] Epoch 11 [150/2500] Loss: 0.0001 | Phase: easy | Scale: 0.10
2026-02-06 01:50:19 [INFO] Epoch 11 [200/2500] Loss: 0.0001 | Phase: easy | Scale: 0.10
2026-02-06 01:50:30 [INFO] Epoch 11 [250/2500] Loss: 0.0001 | Phase: easy | Scale: 0.10
2026-02-06 01:50:40 [INFO] Epoch 11 [300/2500] Loss: 0.0000 | Phase: easy | Scale: 0.10
2026-02-06 01:50:50 [INFO] Epoch 11 [350/2500] Loss: 0.0001 | Phase: easy | Scale: 0.10
2026-02-06 01:51:01 [INFO] Epoch 11 [400/2500] Loss: 0.0001 | Phase: easy | Scale: 0.10
2026-02-06 01:51:11 [INFO] Epoch 11 [450/2500] Loss: 0.0001 | Phase: easy | Scale: 0.10
2026-02-06 01:51:21 [INFO] Epoch 11 [500/2500] Loss: 0.0000 | Phase: easy | Scale: 0.10
2026-02-06 01:51:32 [INFO] Epoch 11 [550/2500] Loss: 0.0001 | Phase: easy | Scale: 0.10
2026-02-06 01:51:42 [INFO] Epoch 11 [600/2500] Loss: 0.0000 | Phase: easy | Scale: 0.10
2026-02-06 01:51:53 [INFO] Epoch 11 [650/2500] Loss: 0.0000 | Phase: easy | Scale: 0.10
2026-02-06 01:52:03 [INFO] Epoch 11 [700/2500] Loss: 0.0000 | Phase: easy | Scale: 0.10
2026-02-06 01:52:13 [INFO] Epoch 11 [750/2500] Loss: 0.0000 | Phase: easy | Scale: 0.10
2026-02-06 01:52:24 [INFO] Epoch 11 [800/2500] Loss: 0.0000 | Phase: easy | Scale: 0.10
2026-02-06 01:52:34 [INFO] Epoch 11 [850/2500] Loss: 0.0000 | Phase: easy | Scale: 0.10
2026-02-06 01:52:45 [INFO] Epoch 11 [900/2500] Loss: 0.0000 | Phase: easy | Scale: 0.10
2026-02-06 01:52:55 [INFO] Epoch 11 [950/2500] Loss: 0.0001 | Phase: easy | Scale: 0.10
2026-02-06 01:53:05 [INFO] Epoch 11 [1000/2500] Loss: 0.0001 | Phase: easy | Scale: 0.10
2026-02-06 01:53:16 [INFO] Epoch 11 [1050/2500] Loss: 0.0000 | Phase: easy | Scale: 0.10
2026-02-06 01:53:26 [INFO] Epoch 11 [1100/2500] Loss: 0.0000 | Phase: easy | Scale: 0.10
2026-02-06 01:53:36 [INFO] Epoch 11 [1150/2500] Loss: 0.0001 | Phase: easy | Scale: 0.10
2026-02-06 01:53:47 [INFO] Epoch 11 [1200/2500] Loss: 0.0000 | Phase: easy | Scale: 0.10
2026-02-06 01:53:57 [INFO] Epoch 11 [1250/2500] Loss: 0.0001 | Phase: easy | Scale: 0.10
2026-02-06 01:54:08 [INFO] Epoch 11 [1300/2500] Loss: 0.0000 | Phase: easy | Scale: 0.10
2026-02-06 01:54:18 [INFO] Epoch 11 [1350/2500] Loss: 0.0001 | Phase: easy | Scale: 0.10
2026-02-06 01:54:28 [INFO] Epoch 11 [1400/2500] Loss: 0.0001 | Phase: easy | Scale: 0.10
2026-02-06 01:54:39 [INFO] Epoch 11 [1450/2500] Loss: 0.0002 | Phase: easy | Scale: 0.10
2026-02-06 01:54:49 [INFO] Epoch 11 [1500/2500] Loss: 0.0002 | Phase: easy | Scale: 0.10
2026-02-06 01:55:00 [INFO] Epoch 11 [1550/2500] Loss: 0.0001 | Phase: easy | Scale: 0.10
2026-02-06 01:55:10 [INFO] Epoch 11 [1600/2500] Loss: 0.0003 | Phase: easy | Scale: 0.10
2026-02-06 01:55:20 [INFO] Epoch 11 [1650/2500] Loss: 0.0000 | Phase: easy | Scale: 0.10
2026-02-06 01:55:31 [INFO] Epoch 11 [1700/2500] Loss: 0.0001 | Phase: easy | Scale: 0.10
2026-02-06 01:55:41 [INFO] Epoch 11 [1750/2500] Loss: 0.0002 | Phase: easy | Scale: 0.10
2026-02-06 01:55:52 [INFO] Epoch 11 [1800/2500] Loss: 0.0001 | Phase: easy | Scale: 0.10
2026-02-06 01:56:02 [INFO] Epoch 11 [1850/2500] Loss: 0.0001 | Phase: easy | Scale: 0.10
2026-02-06 01:56:12 [INFO] Epoch 11 [1900/2500] Loss: 0.0003 | Phase: easy | Scale: 0.10
2026-02-06 01:56:23 [INFO] Epoch 11 [1950/2500] Loss: 0.0002 | Phase: easy | Scale: 0.10
2026-02-06 01:56:33 [INFO] Epoch 11 [2000/2500] Loss: 0.0000 | Phase: easy | Scale: 0.10
2026-02-06 01:56:44 [INFO] Epoch 11 [2050/2500] Loss: 0.0000 | Phase: easy | Scale: 0.10
2026-02-06 01:56:54 [INFO] Epoch 11 [2100/2500] Loss: 0.0001 | Phase: easy | Scale: 0.10
2026-02-06 01:57:04 [INFO] Epoch 11 [2150/2500] Loss: 0.0000 | Phase: easy | Scale: 0.10
2026-02-06 01:57:15 [INFO] Epoch 11 [2200/2500] Loss: 0.0001 | Phase: easy | Scale: 0.10
2026-02-06 01:57:25 [INFO] Epoch 11 [2250/2500] Loss: 0.0001 | Phase: easy | Scale: 0.10
2026-02-06 01:57:35 [INFO] Epoch 11 [2300/2500] Loss: 0.0001 | Phase: easy | Scale: 0.10
2026-02-06 01:57:46 [INFO] Epoch 11 [2350/2500] Loss: 0.0000 | Phase: easy | Scale: 0.10
2026-02-06 01:57:56 [INFO] Epoch 11 [2400/2500] Loss: 0.0000 | Phase: easy | Scale: 0.10
2026-02-06 01:58:06 [INFO] Epoch 11 [2450/2500] Loss: 0.0003 | Phase: easy | Scale: 0.10
2026-02-06 02:02:45 [INFO] Epoch 11/100 (793.6s) | Phase: easy | LR: 9.83e-05 | Train Loss: 0.0001 | Val Loss: 0.2645 | Val Dice: 0.9274 | Val IoU: 0.8646
2026-02-06 02:02:45 [INFO] New best model saved (dice=0.9274)
2026-02-06 02:02:52 [INFO] Epoch 12 [0/2500] Loss: 0.0001 | Phase: easy | Scale: 0.10
2026-02-06 02:03:02 [INFO] Epoch 12 [50/2500] Loss: 0.0002 | Phase: easy | Scale: 0.10
2026-02-06 02:03:12 [INFO] Epoch 12 [100/2500] Loss: 0.0002 | Phase: easy | Scale: 0.10
2026-02-06 02:03:22 [INFO] Epoch 12 [150/2500] Loss: 0.0001 | Phase: easy | Scale: 0.10
2026-02-06 02:03:33 [INFO] Epoch 12 [200/2500] Loss: 0.0002 | Phase: easy | Scale: 0.10
2026-02-06 02:03:43 [INFO] Epoch 12 [250/2500] Loss: 0.0001 | Phase: easy | Scale: 0.10
2026-02-06 02:03:53 [INFO] Epoch 12 [300/2500] Loss: 0.0000 | Phase: easy | Scale: 0.10
2026-02-06 02:04:03 [INFO] Epoch 12 [350/2500] Loss: 0.0001 | Phase: easy | Scale: 0.10
2026-02-06 02:04:14 [INFO] Epoch 12 [400/2500] Loss: 0.0000 | Phase: easy | Scale: 0.10
2026-02-06 02:04:24 [INFO] Epoch 12 [450/2500] Loss: 0.0002 | Phase: easy | Scale: 0.10
2026-02-06 02:04:34 [INFO] Epoch 12 [500/2500] Loss: 0.0000 | Phase: easy | Scale: 0.10
2026-02-06 02:04:44 [INFO] Epoch 12 [550/2500] Loss: 0.0002 | Phase: easy | Scale: 0.10
2026-02-06 02:04:54 [INFO] Epoch 12 [600/2500] Loss: 0.0001 | Phase: easy | Scale: 0.10
2026-02-06 02:05:05 [INFO] Epoch 12 [650/2500] Loss: 0.0000 | Phase: easy | Scale: 0.10
2026-02-06 02:05:15 [INFO] Epoch 12 [700/2500] Loss: 0.0000 | Phase: easy | Scale: 0.10
2026-02-06 02:05:25 [INFO] Epoch 12 [750/2500] Loss: 0.0000 | Phase: easy | Scale: 0.10
2026-02-06 02:05:35 [INFO] Epoch 12 [800/2500] Loss: 0.0000 | Phase: easy | Scale: 0.10
2026-02-06 02:05:46 [INFO] Epoch 12 [850/2500] Loss: 0.0000 | Phase: easy | Scale: 0.10
2026-02-06 02:05:56 [INFO] Epoch 12 [900/2500] Loss: 0.0000 | Phase: easy | Scale: 0.10
2026-02-06 02:06:06 [INFO] Epoch 12 [950/2500] Loss: 0.0001 | Phase: easy | Scale: 0.10
2026-02-06 02:06:16 [INFO] Epoch 12 [1000/2500] Loss: 0.0002 | Phase: easy | Scale: 0.10
2026-02-06 02:06:26 [INFO] Epoch 12 [1050/2500] Loss: 0.0000 | Phase: easy | Scale: 0.10
2026-02-06 02:06:37 [INFO] Epoch 12 [1100/2500] Loss: 0.0000 | Phase: easy | Scale: 0.10
2026-02-06 02:06:47 [INFO] Epoch 12 [1150/2500] Loss: 0.0001 | Phase: easy | Scale: 0.10
2026-02-06 02:06:57 [INFO] Epoch 12 [1200/2500] Loss: 0.0001 | Phase: easy | Scale: 0.10
2026-02-06 02:07:07 [INFO] Epoch 12 [1250/2500] Loss: 0.0001 | Phase: easy | Scale: 0.10
2026-02-06 02:07:18 [INFO] Epoch 12 [1300/2500] Loss: 0.0000 | Phase: easy | Scale: 0.10
2026-02-06 02:07:28 [INFO] Epoch 12 [1350/2500] Loss: 0.0001 | Phase: easy | Scale: 0.10
2026-02-06 02:07:38 [INFO] Epoch 12 [1400/2500] Loss: 0.0002 | Phase: easy | Scale: 0.10
2026-02-06 02:07:48 [INFO] Epoch 12 [1450/2500] Loss: 0.0002 | Phase: easy | Scale: 0.10
2026-02-06 02:07:59 [INFO] Epoch 12 [1500/2500] Loss: 0.0003 | Phase: easy | Scale: 0.10
2026-02-06 02:08:09 [INFO] Epoch 12 [1550/2500] Loss: 0.0001 | Phase: easy | Scale: 0.10
2026-02-06 02:08:19 [INFO] Epoch 12 [1600/2500] Loss: 0.0003 | Phase: easy | Scale: 0.10
2026-02-06 02:08:29 [INFO] Epoch 12 [1650/2500] Loss: 0.0000 | Phase: easy | Scale: 0.10
2026-02-06 02:08:40 [INFO] Epoch 12 [1700/2500] Loss: 0.0001 | Phase: easy | Scale: 0.10
2026-02-06 02:08:50 [INFO] Epoch 12 [1750/2500] Loss: 0.0001 | Phase: easy | Scale: 0.10
2026-02-06 02:09:00 [INFO] Epoch 12 [1800/2500] Loss: 0.0001 | Phase: easy | Scale: 0.10
2026-02-06 02:09:10 [INFO] Epoch 12 [1850/2500] Loss: 0.0000 | Phase: easy | Scale: 0.10
2026-02-06 02:09:20 [INFO] Epoch 12 [1900/2500] Loss: 0.0003 | Phase: easy | Scale: 0.10
2026-02-06 02:09:31 [INFO] Epoch 12 [1950/2500] Loss: 0.0002 | Phase: easy | Scale: 0.10
2026-02-06 02:09:41 [INFO] Epoch 12 [2000/2500] Loss: 0.0001 | Phase: easy | Scale: 0.10
2026-02-06 02:09:51 [INFO] Epoch 12 [2050/2500] Loss: 0.0000 | Phase: easy | Scale: 0.10
2026-02-06 02:10:01 [INFO] Epoch 12 [2100/2500] Loss: 0.0001 | Phase: easy | Scale: 0.10
2026-02-06 02:10:12 [INFO] Epoch 12 [2150/2500] Loss: 0.0000 | Phase: easy | Scale: 0.10
2026-02-06 02:10:22 [INFO] Epoch 12 [2200/2500] Loss: 0.0001 | Phase: easy | Scale: 0.10
2026-02-06 02:10:32 [INFO] Epoch 12 [2250/2500] Loss: 0.0001 | Phase: easy | Scale: 0.10
2026-02-06 02:10:42 [INFO] Epoch 12 [2300/2500] Loss: 0.0001 | Phase: easy | Scale: 0.10
2026-02-06 02:10:53 [INFO] Epoch 12 [2350/2500] Loss: 0.0000 | Phase: easy | Scale: 0.10
2026-02-06 02:11:03 [INFO] Epoch 12 [2400/2500] Loss: 0.0000 | Phase: easy | Scale: 0.10
2026-02-06 02:11:13 [INFO] Epoch 12 [2450/2500] Loss: 0.0004 | Phase: easy | Scale: 0.10
2026-02-06 02:16:29 [INFO] Epoch 12/100 (823.5s) | Phase: easy | LR: 9.79e-05 | Train Loss: 0.0001 | Val Loss: 0.2906 | Val Dice: 0.9153 | Val IoU: 0.8438
2026-02-06 02:16:36 [INFO] Epoch 13 [0/2500] Loss: 0.0001 | Phase: easy | Scale: 0.10
2026-02-06 02:16:46 [INFO] Epoch 13 [50/2500] Loss: 0.0003 | Phase: easy | Scale: 0.10
2026-02-06 02:16:56 [INFO] Epoch 13 [100/2500] Loss: 0.0002 | Phase: easy | Scale: 0.10
2026-02-06 02:17:06 [INFO] Epoch 13 [150/2500] Loss: 0.0001 | Phase: easy | Scale: 0.10
2026-02-06 02:17:16 [INFO] Epoch 13 [200/2500] Loss: 0.0001 | Phase: easy | Scale: 0.10
2026-02-06 02:17:27 [INFO] Epoch 13 [250/2500] Loss: 0.0001 | Phase: easy | Scale: 0.10
2026-02-06 02:17:37 [INFO] Epoch 13 [300/2500] Loss: 0.0000 | Phase: easy | Scale: 0.10
2026-02-06 02:17:47 [INFO] Epoch 13 [350/2500] Loss: 0.0002 | Phase: easy | Scale: 0.10
2026-02-06 02:17:57 [INFO] Epoch 13 [400/2500] Loss: 0.0001 | Phase: easy | Scale: 0.10
2026-02-06 02:18:07 [INFO] Epoch 13 [450/2500] Loss: 0.0001 | Phase: easy | Scale: 0.10
2026-02-06 02:18:18 [INFO] Epoch 13 [500/2500] Loss: 0.0000 | Phase: easy | Scale: 0.10
2026-02-06 02:18:28 [INFO] Epoch 13 [550/2500] Loss: 0.0001 | Phase: easy | Scale: 0.10
2026-02-06 02:18:38 [INFO] Epoch 13 [600/2500] Loss: 0.0001 | Phase: easy | Scale: 0.10
2026-02-06 02:18:48 [INFO] Epoch 13 [650/2500] Loss: 0.0000 | Phase: easy | Scale: 0.10
2026-02-06 02:18:59 [INFO] Epoch 13 [700/2500] Loss: 0.0000 | Phase: easy | Scale: 0.10
2026-02-06 02:19:09 [INFO] Epoch 13 [750/2500] Loss: 0.0000 | Phase: easy | Scale: 0.10
2026-02-06 02:19:19 [INFO] Epoch 13 [800/2500] Loss: 0.0000 | Phase: easy | Scale: 0.10
2026-02-06 02:19:29 [INFO] Epoch 13 [850/2500] Loss: 0.0000 | Phase: easy | Scale: 0.10
2026-02-06 02:19:39 [INFO] Epoch 13 [900/2500] Loss: 0.0000 | Phase: easy | Scale: 0.10
2026-02-06 02:19:50 [INFO] Epoch 13 [950/2500] Loss: 0.0000 | Phase: easy | Scale: 0.10
2026-02-06 02:20:00 [INFO] Epoch 13 [1000/2500] Loss: 0.0001 | Phase: easy | Scale: 0.10
2026-02-06 02:20:10 [INFO] Epoch 13 [1050/2500] Loss: 0.0000 | Phase: easy | Scale: 0.10
2026-02-06 02:20:20 [INFO] Epoch 13 [1100/2500] Loss: 0.0000 | Phase: easy | Scale: 0.10
2026-02-06 02:20:31 [INFO] Epoch 13 [1150/2500] Loss: 0.0001 | Phase: easy | Scale: 0.10
2026-02-06 02:20:41 [INFO] Epoch 13 [1200/2500] Loss: 0.0000 | Phase: easy | Scale: 0.10
2026-02-06 02:20:51 [INFO] Epoch 13 [1250/2500] Loss: 0.0001 | Phase: easy | Scale: 0.10
2026-02-06 02:21:01 [INFO] Epoch 13 [1300/2500] Loss: 0.0000 | Phase: easy | Scale: 0.10
2026-02-06 02:21:11 [INFO] Epoch 13 [1350/2500] Loss: 0.0001 | Phase: easy | Scale: 0.10
2026-02-06 02:21:22 [INFO] Epoch 13 [1400/2500] Loss: 0.0001 | Phase: easy | Scale: 0.10
2026-02-06 02:21:32 [INFO] Epoch 13 [1450/2500] Loss: 0.0002 | Phase: easy | Scale: 0.10
2026-02-06 02:21:42 [INFO] Epoch 13 [1500/2500] Loss: 0.0002 | Phase: easy | Scale: 0.10
2026-02-06 02:21:52 [INFO] Epoch 13 [1550/2500] Loss: 0.0001 | Phase: easy | Scale: 0.10
2026-02-06 02:22:03 [INFO] Epoch 13 [1600/2500] Loss: 0.0002 | Phase: easy | Scale: 0.10
2026-02-06 02:22:13 [INFO] Epoch 13 [1650/2500] Loss: 0.0000 | Phase: easy | Scale: 0.10
2026-02-06 02:22:23 [INFO] Epoch 13 [1700/2500] Loss: 0.0001 | Phase: easy | Scale: 0.10
2026-02-06 02:22:33 [INFO] Epoch 13 [1750/2500] Loss: 0.0001 | Phase: easy | Scale: 0.10
2026-02-06 02:22:44 [INFO] Epoch 13 [1800/2500] Loss: 0.0001 | Phase: easy | Scale: 0.10
2026-02-06 02:22:54 [INFO] Epoch 13 [1850/2500] Loss: 0.0001 | Phase: easy | Scale: 0.10
2026-02-06 02:23:04 [INFO] Epoch 13 [1900/2500] Loss: 0.0003 | Phase: easy | Scale: 0.10
2026-02-06 02:23:14 [INFO] Epoch 13 [1950/2500] Loss: 0.0005 | Phase: easy | Scale: 0.10
2026-02-06 02:23:25 [INFO] Epoch 13 [2000/2500] Loss: 0.0000 | Phase: easy | Scale: 0.10
2026-02-06 02:23:35 [INFO] Epoch 13 [2050/2500] Loss: 0.0000 | Phase: easy | Scale: 0.10
2026-02-06 02:23:45 [INFO] Epoch 13 [2100/2500] Loss: 0.0001 | Phase: easy | Scale: 0.10
2026-02-06 02:23:55 [INFO] Epoch 13 [2150/2500] Loss: 0.0000 | Phase: easy | Scale: 0.10
2026-02-06 02:24:06 [INFO] Epoch 13 [2200/2500] Loss: 0.0001 | Phase: easy | Scale: 0.10
2026-02-06 02:24:16 [INFO] Epoch 13 [2250/2500] Loss: 0.0001 | Phase: easy | Scale: 0.10
2026-02-06 02:24:26 [INFO] Epoch 13 [2300/2500] Loss: 0.0001 | Phase: easy | Scale: 0.10
2026-02-06 02:24:36 [INFO] Epoch 13 [2350/2500] Loss: 0.0000 | Phase: easy | Scale: 0.10
2026-02-06 02:24:46 [INFO] Epoch 13 [2400/2500] Loss: 0.0000 | Phase: easy | Scale: 0.10
2026-02-06 02:24:57 [INFO] Epoch 13 [2450/2500] Loss: 0.0004 | Phase: easy | Scale: 0.10
2026-02-06 02:29:49 [INFO] Epoch 13/100 (800.1s) | Phase: easy | LR: 9.74e-05 | Train Loss: 0.0001 | Val Loss: 0.2942 | Val Dice: 0.9212 | Val IoU: 0.8539
2026-02-06 02:29:56 [INFO] Epoch 14 [0/2500] Loss: 0.0001 | Phase: easy | Scale: 0.10
2026-02-06 02:30:06 [INFO] Epoch 14 [50/2500] Loss: 0.0002 | Phase: easy | Scale: 0.10
2026-02-06 02:30:16 [INFO] Epoch 14 [100/2500] Loss: 0.0002 | Phase: easy | Scale: 0.10
2026-02-06 02:30:26 [INFO] Epoch 14 [150/2500] Loss: 0.0000 | Phase: easy | Scale: 0.10
2026-02-06 02:30:37 [INFO] Epoch 14 [200/2500] Loss: 0.0001 | Phase: easy | Scale: 0.10
2026-02-06 02:30:47 [INFO] Epoch 14 [250/2500] Loss: 0.0001 | Phase: easy | Scale: 0.10
2026-02-06 02:30:57 [INFO] Epoch 14 [300/2500] Loss: 0.0000 | Phase: easy | Scale: 0.10
2026-02-06 02:31:07 [INFO] Epoch 14 [350/2500] Loss: 0.0001 | Phase: easy | Scale: 0.10
2026-02-06 02:31:18 [INFO] Epoch 14 [400/2500] Loss: 0.0002 | Phase: easy | Scale: 0.10
2026-02-06 02:31:28 [INFO] Epoch 14 [450/2500] Loss: 0.0001 | Phase: easy | Scale: 0.10
2026-02-06 02:31:38 [INFO] Epoch 14 [500/2500] Loss: 0.0000 | Phase: easy | Scale: 0.10
2026-02-06 02:31:48 [INFO] Epoch 14 [550/2500] Loss: 0.0001 | Phase: easy | Scale: 0.10
2026-02-06 02:31:58 [INFO] Epoch 14 [600/2500] Loss: 0.0001 | Phase: easy | Scale: 0.10
2026-02-06 02:32:09 [INFO] Epoch 14 [650/2500] Loss: 0.0000 | Phase: easy | Scale: 0.10
2026-02-06 02:32:19 [INFO] Epoch 14 [700/2500] Loss: 0.0000 | Phase: easy | Scale: 0.10
2026-02-06 02:32:29 [INFO] Epoch 14 [750/2500] Loss: 0.0000 | Phase: easy | Scale: 0.10
2026-02-06 02:32:39 [INFO] Epoch 14 [800/2500] Loss: 0.0000 | Phase: easy | Scale: 0.10
2026-02-06 02:32:50 [INFO] Epoch 14 [850/2500] Loss: 0.0000 | Phase: easy | Scale: 0.10
2026-02-06 02:33:00 [INFO] Epoch 14 [900/2500] Loss: 0.0000 | Phase: easy | Scale: 0.10
2026-02-06 02:33:10 [INFO] Epoch 14 [950/2500] Loss: 0.0001 | Phase: easy | Scale: 0.10
2026-02-06 02:33:20 [INFO] Epoch 14 [1000/2500] Loss: 0.0002 | Phase: easy | Scale: 0.10
2026-02-06 02:33:31 [INFO] Epoch 14 [1050/2500] Loss: 0.0000 | Phase: easy | Scale: 0.10
2026-02-06 02:33:41 [INFO] Epoch 14 [1100/2500] Loss: 0.0000 | Phase: easy | Scale: 0.10
2026-02-06 02:33:51 [INFO] Epoch 14 [1150/2500] Loss: 0.0000 | Phase: easy | Scale: 0.10
2026-02-06 02:34:01 [INFO] Epoch 14 [1200/2500] Loss: 0.0001 | Phase: easy | Scale: 0.10
2026-02-06 02:34:12 [INFO] Epoch 14 [1250/2500] Loss: 0.0001 | Phase: easy | Scale: 0.10
2026-02-06 02:34:22 [INFO] Epoch 14 [1300/2500] Loss: 0.0000 | Phase: easy | Scale: 0.10
2026-02-06 02:34:32 [INFO] Epoch 14 [1350/2500] Loss: 0.0002 | Phase: easy | Scale: 0.10
2026-02-06 02:34:42 [INFO] Epoch 14 [1400/2500] Loss: 0.0001 | Phase: easy | Scale: 0.10
2026-02-06 02:34:53 [INFO] Epoch 14 [1450/2500] Loss: 0.0002 | Phase: easy | Scale: 0.10
2026-02-06 02:35:03 [INFO] Epoch 14 [1500/2500] Loss: 0.0002 | Phase: easy | Scale: 0.10
2026-02-06 02:35:13 [INFO] Epoch 14 [1550/2500] Loss: 0.0001 | Phase: easy | Scale: 0.10
2026-02-06 02:35:23 [INFO] Epoch 14 [1600/2500] Loss: 0.0002 | Phase: easy | Scale: 0.10
2026-02-06 02:35:33 [INFO] Epoch 14 [1650/2500] Loss: 0.0000 | Phase: easy | Scale: 0.10
2026-02-06 02:35:44 [INFO] Epoch 14 [1700/2500] Loss: 0.0002 | Phase: easy | Scale: 0.10
2026-02-06 02:35:54 [INFO] Epoch 14 [1750/2500] Loss: 0.0002 | Phase: easy | Scale: 0.10
2026-02-06 02:36:04 [INFO] Epoch 14 [1800/2500] Loss: 0.0001 | Phase: easy | Scale: 0.10
2026-02-06 02:36:14 [INFO] Epoch 14 [1850/2500] Loss: 0.0001 | Phase: easy | Scale: 0.10
2026-02-06 02:36:25 [INFO] Epoch 14 [1900/2500] Loss: 0.0002 | Phase: easy | Scale: 0.10
2026-02-06 02:36:35 [INFO] Epoch 14 [1950/2500] Loss: 0.0002 | Phase: easy | Scale: 0.10
2026-02-06 02:36:45 [INFO] Epoch 14 [2000/2500] Loss: 0.0000 | Phase: easy | Scale: 0.10
2026-02-06 02:36:55 [INFO] Epoch 14 [2050/2500] Loss: 0.0000 | Phase: easy | Scale: 0.10
2026-02-06 02:37:06 [INFO] Epoch 14 [2100/2500] Loss: 0.0001 | Phase: easy | Scale: 0.10
2026-02-06 02:37:16 [INFO] Epoch 14 [2150/2500] Loss: 0.0000 | Phase: easy | Scale: 0.10
2026-02-06 02:37:26 [INFO] Epoch 14 [2200/2500] Loss: 0.0001 | Phase: easy | Scale: 0.10
2026-02-06 02:37:36 [INFO] Epoch 14 [2250/2500] Loss: 0.0001 | Phase: easy | Scale: 0.10
2026-02-06 02:37:47 [INFO] Epoch 14 [2300/2500] Loss: 0.0001 | Phase: easy | Scale: 0.10
2026-02-06 02:37:57 [INFO] Epoch 14 [2350/2500] Loss: 0.0000 | Phase: easy | Scale: 0.10
2026-02-06 02:38:07 [INFO] Epoch 14 [2400/2500] Loss: 0.0000 | Phase: easy | Scale: 0.10
2026-02-06 02:38:17 [INFO] Epoch 14 [2450/2500] Loss: 0.0003 | Phase: easy | Scale: 0.10
2026-02-06 02:43:05 [INFO] Epoch 14/100 (795.6s) | Phase: easy | LR: 9.69e-05 | Train Loss: 0.0001 | Val Loss: 0.2766 | Val Dice: 0.9253 | Val IoU: 0.8610
2026-02-06 02:43:12 [INFO] Epoch 15 [0/2500] Loss: 0.0001 | Phase: easy | Scale: 0.10
2026-02-06 02:43:22 [INFO] Epoch 15 [50/2500] Loss: 0.0002 | Phase: easy | Scale: 0.10
2026-02-06 02:43:33 [INFO] Epoch 15 [100/2500] Loss: 0.0002 | Phase: easy | Scale: 0.10
2026-02-06 02:43:43 [INFO] Epoch 15 [150/2500] Loss: 0.0001 | Phase: easy | Scale: 0.10
2026-02-06 02:43:54 [INFO] Epoch 15 [200/2500] Loss: 0.0002 | Phase: easy | Scale: 0.10
2026-02-06 02:44:04 [INFO] Epoch 15 [250/2500] Loss: 0.0001 | Phase: easy | Scale: 0.10
2026-02-06 02:44:15 [INFO] Epoch 15 [300/2500] Loss: 0.0000 | Phase: easy | Scale: 0.10
2026-02-06 02:44:26 [INFO] Epoch 15 [350/2500] Loss: 0.0003 | Phase: easy | Scale: 0.10
2026-02-06 02:44:37 [INFO] Epoch 15 [400/2500] Loss: 0.0001 | Phase: easy | Scale: 0.10
2026-02-06 02:44:47 [INFO] Epoch 15 [450/2500] Loss: 0.0001 | Phase: easy | Scale: 0.10
2026-02-06 02:44:58 [INFO] Epoch 15 [500/2500] Loss: 0.0000 | Phase: easy | Scale: 0.10
2026-02-06 02:45:09 [INFO] Epoch 15 [550/2500] Loss: 0.0001 | Phase: easy | Scale: 0.10
2026-02-06 02:45:20 [INFO] Epoch 15 [600/2500] Loss: 0.0000 | Phase: easy | Scale: 0.10
2026-02-06 02:45:31 [INFO] Epoch 15 [650/2500] Loss: 0.0000 | Phase: easy | Scale: 0.10
2026-02-06 02:45:41 [INFO] Epoch 15 [700/2500] Loss: 0.0000 | Phase: easy | Scale: 0.10
2026-02-06 02:45:52 [INFO] Epoch 15 [750/2500] Loss: 0.0000 | Phase: easy | Scale: 0.10
2026-02-06 02:46:03 [INFO] Epoch 15 [800/2500] Loss: 0.0000 | Phase: easy | Scale: 0.10
2026-02-06 02:46:13 [INFO] Epoch 15 [850/2500] Loss: 0.0000 | Phase: easy | Scale: 0.10
2026-02-06 02:46:24 [INFO] Epoch 15 [900/2500] Loss: 0.0000 | Phase: easy | Scale: 0.10
2026-02-06 02:46:35 [INFO] Epoch 15 [950/2500] Loss: 0.0001 | Phase: easy | Scale: 0.10
2026-02-06 02:46:45 [INFO] Epoch 15 [1000/2500] Loss: 0.0001 | Phase: easy | Scale: 0.10
2026-02-06 02:46:56 [INFO] Epoch 15 [1050/2500] Loss: 0.0000 | Phase: easy | Scale: 0.10
2026-02-06 02:47:06 [INFO] Epoch 15 [1100/2500] Loss: 0.0000 | Phase: easy | Scale: 0.10
2026-02-06 02:47:17 [INFO] Epoch 15 [1150/2500] Loss: 0.0000 | Phase: easy | Scale: 0.10
2026-02-06 02:47:27 [INFO] Epoch 15 [1200/2500] Loss: 0.0000 | Phase: easy | Scale: 0.10
2026-02-06 02:47:38 [INFO] Epoch 15 [1250/2500] Loss: 0.0001 | Phase: easy | Scale: 0.10
2026-02-06 02:47:48 [INFO] Epoch 15 [1300/2500] Loss: 0.0000 | Phase: easy | Scale: 0.10
2026-02-06 02:47:59 [INFO] Epoch 15 [1350/2500] Loss: 0.0001 | Phase: easy | Scale: 0.10
2026-02-06 02:48:09 [INFO] Epoch 15 [1400/2500] Loss: 0.0001 | Phase: easy | Scale: 0.10
2026-02-06 02:48:19 [INFO] Epoch 15 [1450/2500] Loss: 0.0002 | Phase: easy | Scale: 0.10
2026-02-06 02:48:30 [INFO] Epoch 15 [1500/2500] Loss: 0.0002 | Phase: easy | Scale: 0.10
2026-02-06 02:48:40 [INFO] Epoch 15 [1550/2500] Loss: 0.0001 | Phase: easy | Scale: 0.10
2026-02-06 02:48:51 [INFO] Epoch 15 [1600/2500] Loss: 0.0002 | Phase: easy | Scale: 0.10
2026-02-06 02:49:01 [INFO] Epoch 15 [1650/2500] Loss: 0.0000 | Phase: easy | Scale: 0.10
2026-02-06 02:49:11 [INFO] Epoch 15 [1700/2500] Loss: 0.0001 | Phase: easy | Scale: 0.10
2026-02-06 02:49:22 [INFO] Epoch 15 [1750/2500] Loss: 0.0002 | Phase: easy | Scale: 0.10
2026-02-06 02:49:32 [INFO] Epoch 15 [1800/2500] Loss: 0.0001 | Phase: easy | Scale: 0.10
2026-02-06 02:49:42 [INFO] Epoch 15 [1850/2500] Loss: 0.0001 | Phase: easy | Scale: 0.10
2026-02-06 02:49:53 [INFO] Epoch 15 [1900/2500] Loss: 0.0002 | Phase: easy | Scale: 0.10
2026-02-06 02:50:03 [INFO] Epoch 15 [1950/2500] Loss: 0.0001 | Phase: easy | Scale: 0.10
2026-02-06 02:50:14 [INFO] Epoch 15 [2000/2500] Loss: 0.0000 | Phase: easy | Scale: 0.10
2026-02-06 02:50:25 [INFO] Epoch 15 [2050/2500] Loss: 0.0000 | Phase: easy | Scale: 0.10
2026-02-06 02:50:36 [INFO] Epoch 15 [2100/2500] Loss: 0.0002 | Phase: easy | Scale: 0.10
2026-02-06 02:50:46 [INFO] Epoch 15 [2150/2500] Loss: 0.0000 | Phase: easy | Scale: 0.10
2026-02-06 02:50:57 [INFO] Epoch 15 [2200/2500] Loss: 0.0001 | Phase: easy | Scale: 0.10
2026-02-06 02:51:07 [INFO] Epoch 15 [2250/2500] Loss: 0.0001 | Phase: easy | Scale: 0.10
2026-02-06 02:51:17 [INFO] Epoch 15 [2300/2500] Loss: 0.0001 | Phase: easy | Scale: 0.10
2026-02-06 02:51:28 [INFO] Epoch 15 [2350/2500] Loss: 0.0000 | Phase: easy | Scale: 0.10
2026-02-06 02:51:38 [INFO] Epoch 15 [2400/2500] Loss: 0.0000 | Phase: easy | Scale: 0.10
2026-02-06 02:51:49 [INFO] Epoch 15 [2450/2500] Loss: 0.0003 | Phase: easy | Scale: 0.10
2026-02-06 02:53:10 [INFO] Using device: cuda
2026-02-06 02:53:10 [INFO] Model: attention_unet (31,562,643 params)
2026-02-06 02:53:10 [INFO] Train: 10000 samples, Val: 2000 samples
2026-02-06 02:53:11 [INFO] Resumed from epoch 11 (best=0.9274)
2026-02-06 02:53:11 [INFO] Training for 80 epochs on cuda
2026-02-06 02:53:11 [INFO] Model parameters: 31,562,643
2026-02-06 02:53:11 [INFO] Curriculum Learning Schedule:
--------------------------------------------------
  Phase 'easy': epochs 1-5, noise_scale=0.10, mixed_prob=0.00
  Phase 'medium': epochs 6-20, noise_scale=0.35, mixed_prob=0.20
  Phase 'hard': epochs 21-45, noise_scale=0.70, mixed_prob=0.40
  Phase 'extreme': epochs 46-80, noise_scale=1.00, mixed_prob=0.60
2026-02-06 02:53:18 [INFO] Epoch 12 [0/1250] Loss: 0.0004 | Phase: medium | Scale: 0.21
2026-02-06 02:53:39 [INFO] Epoch 12 [50/1250] Loss: 0.0005 | Phase: medium | Scale: 0.21
2026-02-06 02:53:59 [INFO] Epoch 12 [100/1250] Loss: 0.0006 | Phase: medium | Scale: 0.21
2026-02-06 02:54:20 [INFO] Epoch 12 [150/1250] Loss: 0.0003 | Phase: medium | Scale: 0.21
2026-02-06 02:54:40 [INFO] Epoch 12 [200/1250] Loss: 0.0003 | Phase: medium | Scale: 0.21
2026-02-06 02:55:01 [INFO] Epoch 12 [250/1250] Loss: 0.0004 | Phase: medium | Scale: 0.21
2026-02-06 02:55:22 [INFO] Epoch 12 [300/1250] Loss: 0.0001 | Phase: medium | Scale: 0.21
2026-02-06 02:55:43 [INFO] Epoch 12 [350/1250] Loss: 0.0001 | Phase: medium | Scale: 0.21
2026-02-06 02:56:04 [INFO] Epoch 12 [400/1250] Loss: 0.0002 | Phase: medium | Scale: 0.21
2026-02-06 02:56:25 [INFO] Epoch 12 [450/1250] Loss: 0.0004 | Phase: medium | Scale: 0.21
2026-02-06 02:56:45 [INFO] Epoch 12 [500/1250] Loss: 0.0003 | Phase: medium | Scale: 0.21
2026-02-06 02:57:06 [INFO] Epoch 12 [550/1250] Loss: 0.0003 | Phase: medium | Scale: 0.21
2026-02-06 02:57:27 [INFO] Epoch 12 [600/1250] Loss: 0.0006 | Phase: medium | Scale: 0.21
2026-02-06 02:57:47 [INFO] Epoch 12 [650/1250] Loss: 0.0003 | Phase: medium | Scale: 0.21
2026-02-06 02:58:08 [INFO] Epoch 12 [700/1250] Loss: 0.0003 | Phase: medium | Scale: 0.21
2026-02-06 02:58:29 [INFO] Epoch 12 [750/1250] Loss: 0.0000 | Phase: medium | Scale: 0.21
2026-02-06 02:59:32 [INFO] Using device: cuda
2026-02-06 02:59:32 [INFO] Model: attention_unet (31,562,643 params)
2026-02-06 02:59:32 [INFO] Train: 5000 samples, Val: 2000 samples
2026-02-06 02:59:33 [INFO] Resumed from epoch 11 (best=0.9274)
2026-02-06 02:59:33 [INFO] Training for 80 epochs on cuda
2026-02-06 02:59:33 [INFO] Model parameters: 31,562,643
2026-02-06 02:59:33 [INFO] Curriculum Learning Schedule:
--------------------------------------------------
  Phase 'easy': epochs 1-5, noise_scale=0.10, mixed_prob=0.00
  Phase 'medium': epochs 6-20, noise_scale=0.35, mixed_prob=0.20
  Phase 'hard': epochs 21-45, noise_scale=0.70, mixed_prob=0.40
  Phase 'extreme': epochs 46-80, noise_scale=1.00, mixed_prob=0.60
2026-02-06 02:59:40 [INFO] Epoch 12 [0/625] Loss: 0.0004 | Phase: medium | Scale: 0.21
2026-02-06 03:00:01 [INFO] Epoch 12 [50/625] Loss: 0.0002 | Phase: medium | Scale: 0.21
2026-02-06 03:00:21 [INFO] Epoch 12 [100/625] Loss: 0.0003 | Phase: medium | Scale: 0.21
2026-02-06 03:00:41 [INFO] Epoch 12 [150/625] Loss: 0.0002 | Phase: medium | Scale: 0.21
2026-02-06 03:01:02 [INFO] Epoch 12 [200/625] Loss: 0.0003 | Phase: medium | Scale: 0.21
2026-02-06 03:01:22 [INFO] Epoch 12 [250/625] Loss: 0.0003 | Phase: medium | Scale: 0.21
2026-02-06 03:01:42 [INFO] Epoch 12 [300/625] Loss: 0.0001 | Phase: medium | Scale: 0.21
2026-02-06 03:02:03 [INFO] Epoch 12 [350/625] Loss: 0.0003 | Phase: medium | Scale: 0.21
2026-02-06 03:02:23 [INFO] Epoch 12 [400/625] Loss: 0.0005 | Phase: medium | Scale: 0.21
2026-02-06 03:02:44 [INFO] Epoch 12 [450/625] Loss: 0.0003 | Phase: medium | Scale: 0.21
2026-02-06 03:03:04 [INFO] Epoch 12 [500/625] Loss: 0.0001 | Phase: medium | Scale: 0.21
2026-02-06 03:03:24 [INFO] Epoch 12 [550/625] Loss: 0.0001 | Phase: medium | Scale: 0.21
2026-02-06 03:03:45 [INFO] Epoch 12 [600/625] Loss: 0.0002 | Phase: medium | Scale: 0.21
2026-02-06 03:07:34 [INFO] Epoch 12/80 (481.4s) | Phase: medium | LR: 9.79e-05 | Train Loss: 0.0003 | Val Loss: 0.1877 | Val Dice: 0.9435 | Val IoU: 0.8931
2026-02-06 03:07:35 [INFO] New best model saved (dice=0.9435)
2026-02-06 03:07:42 [INFO] Epoch 13 [0/625] Loss: 0.0003 | Phase: medium | Scale: 0.22
2026-02-06 03:08:02 [INFO] Epoch 13 [50/625] Loss: 0.0003 | Phase: medium | Scale: 0.22
2026-02-06 03:08:23 [INFO] Epoch 13 [100/625] Loss: 0.0003 | Phase: medium | Scale: 0.22
2026-02-06 03:08:43 [INFO] Epoch 13 [150/625] Loss: 0.0006 | Phase: medium | Scale: 0.22
2026-02-06 03:09:03 [INFO] Epoch 13 [200/625] Loss: 0.0002 | Phase: medium | Scale: 0.22
2026-02-06 03:09:24 [INFO] Epoch 13 [250/625] Loss: 0.0003 | Phase: medium | Scale: 0.22
2026-02-06 03:09:44 [INFO] Epoch 13 [300/625] Loss: 0.0002 | Phase: medium | Scale: 0.22
2026-02-06 03:10:05 [INFO] Epoch 13 [350/625] Loss: 0.0006 | Phase: medium | Scale: 0.22
2026-02-06 03:10:25 [INFO] Epoch 13 [400/625] Loss: 0.0002 | Phase: medium | Scale: 0.22
2026-02-06 03:10:45 [INFO] Epoch 13 [450/625] Loss: 0.0003 | Phase: medium | Scale: 0.22
2026-02-06 03:11:06 [INFO] Epoch 13 [500/625] Loss: 0.0003 | Phase: medium | Scale: 0.22
2026-02-06 03:11:26 [INFO] Epoch 13 [550/625] Loss: 0.0003 | Phase: medium | Scale: 0.22
2026-02-06 03:11:46 [INFO] Epoch 13 [600/625] Loss: 0.0003 | Phase: medium | Scale: 0.22
2026-02-06 03:14:54 [INFO] Epoch 13/80 (439.1s) | Phase: medium | LR: 9.74e-05 | Train Loss: 0.0003 | Val Loss: 0.1448 | Val Dice: 0.9576 | Val IoU: 0.9187
2026-02-06 03:14:55 [INFO] New best model saved (dice=0.9576)
2026-02-06 03:15:02 [INFO] Epoch 14 [0/625] Loss: 0.0003 | Phase: medium | Scale: 0.24
2026-02-06 03:15:22 [INFO] Epoch 14 [50/625] Loss: 0.0002 | Phase: medium | Scale: 0.24
2026-02-06 03:15:42 [INFO] Epoch 14 [100/625] Loss: 0.0004 | Phase: medium | Scale: 0.24
2026-02-06 03:16:03 [INFO] Epoch 14 [150/625] Loss: 0.0010 | Phase: medium | Scale: 0.24
2026-02-06 03:16:23 [INFO] Epoch 14 [200/625] Loss: 0.0005 | Phase: medium | Scale: 0.24
2026-02-06 03:16:43 [INFO] Epoch 14 [250/625] Loss: 0.0006 | Phase: medium | Scale: 0.24
2026-02-06 03:17:04 [INFO] Epoch 14 [300/625] Loss: 0.0002 | Phase: medium | Scale: 0.24
2026-02-06 03:17:24 [INFO] Epoch 14 [350/625] Loss: 0.0003 | Phase: medium | Scale: 0.24
2026-02-06 03:17:45 [INFO] Epoch 14 [400/625] Loss: 0.0001 | Phase: medium | Scale: 0.24
2026-02-06 03:18:05 [INFO] Epoch 14 [450/625] Loss: 0.0005 | Phase: medium | Scale: 0.24
2026-02-06 03:18:25 [INFO] Epoch 14 [500/625] Loss: 0.0005 | Phase: medium | Scale: 0.24
2026-02-06 03:18:46 [INFO] Epoch 14 [550/625] Loss: 0.0001 | Phase: medium | Scale: 0.24
2026-02-06 03:19:06 [INFO] Epoch 14 [600/625] Loss: 0.0003 | Phase: medium | Scale: 0.24
2026-02-06 03:21:55 [INFO] Epoch 14/80 (419.7s) | Phase: medium | LR: 9.69e-05 | Train Loss: 0.0003 | Val Loss: 0.1454 | Val Dice: 0.9615 | Val IoU: 0.9258
2026-02-06 03:21:55 [INFO] New best model saved (dice=0.9615)
2026-02-06 03:22:02 [INFO] Epoch 15 [0/625] Loss: 0.0003 | Phase: medium | Scale: 0.26
2026-02-06 03:22:22 [INFO] Epoch 15 [50/625] Loss: 0.0004 | Phase: medium | Scale: 0.26
2026-02-06 03:22:42 [INFO] Epoch 15 [100/625] Loss: 0.0004 | Phase: medium | Scale: 0.26
2026-02-06 03:23:03 [INFO] Epoch 15 [150/625] Loss: 0.0003 | Phase: medium | Scale: 0.26
2026-02-06 03:23:23 [INFO] Epoch 15 [200/625] Loss: 0.0002 | Phase: medium | Scale: 0.26
2026-02-06 03:23:43 [INFO] Epoch 15 [250/625] Loss: 0.0005 | Phase: medium | Scale: 0.26
2026-02-06 03:24:03 [INFO] Epoch 15 [300/625] Loss: 0.0004 | Phase: medium | Scale: 0.26
2026-02-06 03:24:23 [INFO] Epoch 15 [350/625] Loss: 0.0001 | Phase: medium | Scale: 0.26
2026-02-06 03:24:43 [INFO] Epoch 15 [400/625] Loss: 0.0005 | Phase: medium | Scale: 0.26
2026-02-06 03:25:03 [INFO] Epoch 15 [450/625] Loss: 0.0008 | Phase: medium | Scale: 0.26
2026-02-06 03:25:23 [INFO] Epoch 15 [500/625] Loss: 0.0004 | Phase: medium | Scale: 0.26
2026-02-06 03:25:44 [INFO] Epoch 15 [550/625] Loss: 0.0006 | Phase: medium | Scale: 0.26
2026-02-06 03:26:04 [INFO] Epoch 15 [600/625] Loss: 0.0005 | Phase: medium | Scale: 0.26
2026-02-06 03:28:15 [INFO] Epoch 15/80 (379.1s) | Phase: medium | LR: 9.63e-05 | Train Loss: 0.0004 | Val Loss: 0.0912 | Val Dice: 0.9755 | Val IoU: 0.9521
2026-02-06 03:28:15 [INFO] New best model saved (dice=0.9755)
2026-02-06 03:28:23 [INFO] Epoch 16 [0/625] Loss: 0.0004 | Phase: medium | Scale: 0.28
2026-02-06 03:28:43 [INFO] Epoch 16 [50/625] Loss: 0.0007 | Phase: medium | Scale: 0.28
2026-02-06 03:29:03 [INFO] Epoch 16 [100/625] Loss: 0.0004 | Phase: medium | Scale: 0.28
2026-02-06 03:29:23 [INFO] Epoch 16 [150/625] Loss: 0.0004 | Phase: medium | Scale: 0.28
2026-02-06 03:29:43 [INFO] Epoch 16 [200/625] Loss: 0.0002 | Phase: medium | Scale: 0.28
2026-02-06 03:30:03 [INFO] Epoch 16 [250/625] Loss: 0.0003 | Phase: medium | Scale: 0.28
2026-02-06 03:30:23 [INFO] Epoch 16 [300/625] Loss: 0.0003 | Phase: medium | Scale: 0.28
2026-02-06 03:30:43 [INFO] Epoch 16 [350/625] Loss: 0.0005 | Phase: medium | Scale: 0.28
2026-02-06 03:31:03 [INFO] Epoch 16 [400/625] Loss: 0.0002 | Phase: medium | Scale: 0.28
2026-02-06 03:31:24 [INFO] Epoch 16 [450/625] Loss: 0.0005 | Phase: medium | Scale: 0.28
2026-02-06 03:31:44 [INFO] Epoch 16 [500/625] Loss: 0.0002 | Phase: medium | Scale: 0.28
2026-02-06 03:32:04 [INFO] Epoch 16 [550/625] Loss: 0.0005 | Phase: medium | Scale: 0.28
2026-02-06 03:32:24 [INFO] Epoch 16 [600/625] Loss: 0.0006 | Phase: medium | Scale: 0.28
2026-02-06 03:34:21 [INFO] Epoch 16/80 (365.1s) | Phase: medium | LR: 9.56e-05 | Train Loss: 0.0004 | Val Loss: 0.1118 | Val Dice: 0.9762 | Val IoU: 0.9535
2026-02-06 03:34:28 [INFO] Epoch 17 [0/625] Loss: 0.0006 | Phase: medium | Scale: 0.30
2026-02-06 03:34:48 [INFO] Epoch 17 [50/625] Loss: 0.0005 | Phase: medium | Scale: 0.30
2026-02-06 03:35:08 [INFO] Epoch 17 [100/625] Loss: 0.0002 | Phase: medium | Scale: 0.30
2026-02-06 03:35:28 [INFO] Epoch 17 [150/625] Loss: 0.0006 | Phase: medium | Scale: 0.30
2026-02-06 03:35:48 [INFO] Epoch 17 [200/625] Loss: 0.0002 | Phase: medium | Scale: 0.30
2026-02-06 03:36:09 [INFO] Epoch 17 [250/625] Loss: 0.0012 | Phase: medium | Scale: 0.30
2026-02-06 03:36:29 [INFO] Epoch 17 [300/625] Loss: 0.0004 | Phase: medium | Scale: 0.30
2026-02-06 03:36:49 [INFO] Epoch 17 [350/625] Loss: 0.0004 | Phase: medium | Scale: 0.30
2026-02-06 03:37:09 [INFO] Epoch 17 [400/625] Loss: 0.0004 | Phase: medium | Scale: 0.30
2026-02-06 03:37:29 [INFO] Epoch 17 [450/625] Loss: 0.0001 | Phase: medium | Scale: 0.30
2026-02-06 03:37:49 [INFO] Epoch 17 [500/625] Loss: 0.0003 | Phase: medium | Scale: 0.30
2026-02-06 03:38:09 [INFO] Epoch 17 [550/625] Loss: 0.0007 | Phase: medium | Scale: 0.30
2026-02-06 03:38:30 [INFO] Epoch 17 [600/625] Loss: 0.0005 | Phase: medium | Scale: 0.30
2026-02-06 03:40:21 [INFO] Epoch 17/80 (359.8s) | Phase: medium | LR: 9.49e-05 | Train Loss: 0.0005 | Val Loss: 0.1110 | Val Dice: 0.9778 | Val IoU: 0.9566
2026-02-06 03:40:22 [INFO] New best model saved (dice=0.9778)
2026-02-06 03:40:28 [INFO] Epoch 18 [0/625] Loss: 0.0005 | Phase: medium | Scale: 0.31
2026-02-06 03:40:49 [INFO] Epoch 18 [50/625] Loss: 0.0005 | Phase: medium | Scale: 0.31
2026-02-06 03:41:09 [INFO] Epoch 18 [100/625] Loss: 0.0002 | Phase: medium | Scale: 0.31
2026-02-06 03:41:29 [INFO] Epoch 18 [150/625] Loss: 0.0007 | Phase: medium | Scale: 0.31
2026-02-06 03:41:49 [INFO] Epoch 18 [200/625] Loss: 0.0003 | Phase: medium | Scale: 0.31
2026-02-06 03:42:09 [INFO] Epoch 18 [250/625] Loss: 0.0006 | Phase: medium | Scale: 0.31
2026-02-06 03:42:29 [INFO] Epoch 18 [300/625] Loss: 0.0008 | Phase: medium | Scale: 0.31
2026-02-06 03:42:49 [INFO] Epoch 18 [350/625] Loss: 0.0005 | Phase: medium | Scale: 0.31
2026-02-06 03:43:09 [INFO] Epoch 18 [400/625] Loss: 0.0005 | Phase: medium | Scale: 0.31
2026-02-06 03:43:30 [INFO] Epoch 18 [450/625] Loss: 0.0005 | Phase: medium | Scale: 0.31
2026-02-06 03:43:50 [INFO] Epoch 18 [500/625] Loss: 0.0002 | Phase: medium | Scale: 0.31
2026-02-06 03:44:10 [INFO] Epoch 18 [550/625] Loss: 0.0005 | Phase: medium | Scale: 0.31
2026-02-06 03:44:30 [INFO] Epoch 18 [600/625] Loss: 0.0004 | Phase: medium | Scale: 0.31
2026-02-06 03:46:29 [INFO] Epoch 18/80 (366.9s) | Phase: medium | LR: 9.42e-05 | Train Loss: 0.0006 | Val Loss: 0.0669 | Val Dice: 0.9809 | Val IoU: 0.9625
2026-02-06 03:46:29 [INFO] New best model saved (dice=0.9809)
2026-02-06 03:46:36 [INFO] Epoch 19 [0/625] Loss: 0.0005 | Phase: medium | Scale: 0.33
2026-02-06 03:46:56 [INFO] Epoch 19 [50/625] Loss: 0.0006 | Phase: medium | Scale: 0.33
2026-02-06 03:47:16 [INFO] Epoch 19 [100/625] Loss: 0.0007 | Phase: medium | Scale: 0.33
2026-02-06 03:47:37 [INFO] Epoch 19 [150/625] Loss: 0.0004 | Phase: medium | Scale: 0.33
2026-02-06 03:47:57 [INFO] Epoch 19 [200/625] Loss: 0.0004 | Phase: medium | Scale: 0.33
2026-02-06 03:48:17 [INFO] Epoch 19 [250/625] Loss: 0.0005 | Phase: medium | Scale: 0.33
2026-02-06 03:48:37 [INFO] Epoch 19 [300/625] Loss: 0.0006 | Phase: medium | Scale: 0.33
2026-02-06 03:48:57 [INFO] Epoch 19 [350/625] Loss: 0.0013 | Phase: medium | Scale: 0.33
2026-02-06 03:49:17 [INFO] Epoch 19 [400/625] Loss: 0.0006 | Phase: medium | Scale: 0.33
2026-02-06 03:49:37 [INFO] Epoch 19 [450/625] Loss: 0.0001 | Phase: medium | Scale: 0.33
2026-02-06 03:49:58 [INFO] Epoch 19 [500/625] Loss: 0.0003 | Phase: medium | Scale: 0.33
2026-02-06 03:50:18 [INFO] Epoch 19 [550/625] Loss: 0.0012 | Phase: medium | Scale: 0.33
2026-02-06 03:50:38 [INFO] Epoch 19 [600/625] Loss: 0.0004 | Phase: medium | Scale: 0.33
2026-02-06 03:52:31 [INFO] Epoch 19/80 (361.2s) | Phase: medium | LR: 9.34e-05 | Train Loss: 0.0006 | Val Loss: 0.0659 | Val Dice: 0.9795 | Val IoU: 0.9599
2026-02-06 03:52:38 [INFO] Epoch 20 [0/625] Loss: 0.0007 | Phase: medium | Scale: 0.35
2026-02-06 03:52:58 [INFO] Epoch 20 [50/625] Loss: 0.0005 | Phase: medium | Scale: 0.35
2026-02-06 03:53:18 [INFO] Epoch 20 [100/625] Loss: 0.0007 | Phase: medium | Scale: 0.35
2026-02-06 03:53:38 [INFO] Epoch 20 [150/625] Loss: 0.0007 | Phase: medium | Scale: 0.35
2026-02-06 03:53:58 [INFO] Epoch 20 [200/625] Loss: 0.0006 | Phase: medium | Scale: 0.35
2026-02-06 03:54:18 [INFO] Epoch 20 [250/625] Loss: 0.0005 | Phase: medium | Scale: 0.35
2026-02-06 03:54:39 [INFO] Epoch 20 [300/625] Loss: 0.0003 | Phase: medium | Scale: 0.35
2026-02-06 03:54:59 [INFO] Epoch 20 [350/625] Loss: 0.0009 | Phase: medium | Scale: 0.35
2026-02-06 03:55:19 [INFO] Epoch 20 [400/625] Loss: 0.0006 | Phase: medium | Scale: 0.35
2026-02-06 03:55:39 [INFO] Epoch 20 [450/625] Loss: 0.0008 | Phase: medium | Scale: 0.35
2026-02-06 03:55:59 [INFO] Epoch 20 [500/625] Loss: 0.0010 | Phase: medium | Scale: 0.35
2026-02-06 03:56:19 [INFO] Epoch 20 [550/625] Loss: 0.0008 | Phase: medium | Scale: 0.35
2026-02-06 03:56:39 [INFO] Epoch 20 [600/625] Loss: 0.0000 | Phase: medium | Scale: 0.35
2026-02-06 03:58:28 [INFO] Epoch 20/80 (356.7s) | Phase: medium | LR: 9.26e-05 | Train Loss: 0.0007 | Val Loss: 0.0554 | Val Dice: 0.9823 | Val IoU: 0.9652
2026-02-06 03:58:28 [INFO] New best model saved (dice=0.9823)
2026-02-06 03:58:36 [INFO] Epoch 21 [0/625] Loss: 0.0240 | Phase: hard | Scale: 0.70
2026-02-06 03:58:56 [INFO] Epoch 21 [50/625] Loss: 0.0130 | Phase: hard | Scale: 0.70
2026-02-06 03:59:16 [INFO] Epoch 21 [100/625] Loss: 0.0127 | Phase: hard | Scale: 0.70
2026-02-06 03:59:36 [INFO] Epoch 21 [150/625] Loss: 0.0133 | Phase: hard | Scale: 0.70
2026-02-06 03:59:56 [INFO] Epoch 21 [200/625] Loss: 0.0114 | Phase: hard | Scale: 0.70
2026-02-06 04:00:16 [INFO] Epoch 21 [250/625] Loss: 0.0145 | Phase: hard | Scale: 0.70
2026-02-06 04:00:36 [INFO] Epoch 21 [300/625] Loss: 0.0115 | Phase: hard | Scale: 0.70
2026-02-06 04:00:56 [INFO] Epoch 21 [350/625] Loss: 0.0176 | Phase: hard | Scale: 0.70
2026-02-06 04:01:17 [INFO] Epoch 21 [400/625] Loss: 0.0134 | Phase: hard | Scale: 0.70
2026-02-06 04:01:37 [INFO] Epoch 21 [450/625] Loss: 0.0127 | Phase: hard | Scale: 0.70
2026-02-06 04:01:57 [INFO] Epoch 21 [500/625] Loss: 0.0215 | Phase: hard | Scale: 0.70
2026-02-06 04:02:17 [INFO] Epoch 21 [550/625] Loss: 0.0165 | Phase: hard | Scale: 0.70
2026-02-06 04:02:37 [INFO] Epoch 21 [600/625] Loss: 0.0131 | Phase: hard | Scale: 0.70
2026-02-06 04:04:08 [INFO] Epoch 21/80 (339.0s) | Phase: hard | LR: 9.17e-05 | Train Loss: 0.0165 | Val Loss: 0.0196 | Val Dice: 0.9968 | Val IoU: 0.9937
2026-02-06 04:04:09 [INFO] New best model saved (dice=0.9968)
2026-02-06 04:04:15 [INFO] Epoch 22 [0/625] Loss: 0.0200 | Phase: hard | Scale: 0.36
2026-02-06 04:04:35 [INFO] Epoch 22 [50/625] Loss: 0.0196 | Phase: hard | Scale: 0.36
2026-02-06 04:04:56 [INFO] Epoch 22 [100/625] Loss: 0.0200 | Phase: hard | Scale: 0.36
2026-02-06 04:05:16 [INFO] Epoch 22 [150/625] Loss: 0.0204 | Phase: hard | Scale: 0.36
2026-02-06 04:05:36 [INFO] Epoch 22 [200/625] Loss: 0.0194 | Phase: hard | Scale: 0.36
2026-02-06 04:05:56 [INFO] Epoch 22 [250/625] Loss: 0.0190 | Phase: hard | Scale: 0.36
2026-02-06 04:06:16 [INFO] Epoch 22 [300/625] Loss: 0.0191 | Phase: hard | Scale: 0.36
2026-02-06 04:06:36 [INFO] Epoch 22 [350/625] Loss: 0.0195 | Phase: hard | Scale: 0.36
2026-02-06 04:06:56 [INFO] Epoch 22 [400/625] Loss: 0.0196 | Phase: hard | Scale: 0.36
2026-02-06 04:07:16 [INFO] Epoch 22 [450/625] Loss: 0.0204 | Phase: hard | Scale: 0.36
2026-02-06 04:07:37 [INFO] Epoch 22 [500/625] Loss: 0.0187 | Phase: hard | Scale: 0.36
2026-02-06 04:07:57 [INFO] Epoch 22 [550/625] Loss: 0.0187 | Phase: hard | Scale: 0.36
2026-02-06 04:08:17 [INFO] Epoch 22 [600/625] Loss: 0.0198 | Phase: hard | Scale: 0.36
2026-02-06 04:09:49 [INFO] Epoch 22/80 (340.6s) | Phase: hard | LR: 9.08e-05 | Train Loss: 0.0197 | Val Loss: 0.0317 | Val Dice: 0.9958 | Val IoU: 0.9916
2026-02-06 04:09:56 [INFO] Epoch 23 [0/625] Loss: 0.0294 | Phase: hard | Scale: 0.38
2026-02-06 04:10:16 [INFO] Epoch 23 [50/625] Loss: 0.0286 | Phase: hard | Scale: 0.38
2026-02-06 04:10:37 [INFO] Epoch 23 [100/625] Loss: 0.0291 | Phase: hard | Scale: 0.38
2026-02-06 04:10:57 [INFO] Epoch 23 [150/625] Loss: 0.0293 | Phase: hard | Scale: 0.38
2026-02-06 04:11:17 [INFO] Epoch 23 [200/625] Loss: 0.0279 | Phase: hard | Scale: 0.38
2026-02-06 04:11:37 [INFO] Epoch 23 [250/625] Loss: 0.0276 | Phase: hard | Scale: 0.38
2026-02-06 04:11:57 [INFO] Epoch 23 [300/625] Loss: 0.0275 | Phase: hard | Scale: 0.38
2026-02-06 04:12:17 [INFO] Epoch 23 [350/625] Loss: 0.0282 | Phase: hard | Scale: 0.38
2026-02-06 04:12:37 [INFO] Epoch 23 [400/625] Loss: 0.0287 | Phase: hard | Scale: 0.38
2026-02-06 04:12:57 [INFO] Epoch 23 [450/625] Loss: 0.0290 | Phase: hard | Scale: 0.38
2026-02-06 04:13:17 [INFO] Epoch 23 [500/625] Loss: 0.0307 | Phase: hard | Scale: 0.38
2026-02-06 04:13:38 [INFO] Epoch 23 [550/625] Loss: 0.0277 | Phase: hard | Scale: 0.38
2026-02-06 04:13:58 [INFO] Epoch 23 [600/625] Loss: 0.0281 | Phase: hard | Scale: 0.38
2026-02-06 04:15:32 [INFO] Epoch 23/80 (342.0s) | Phase: hard | LR: 8.99e-05 | Train Loss: 0.0286 | Val Loss: 0.0447 | Val Dice: 0.9944 | Val IoU: 0.9889
2026-02-06 04:15:39 [INFO] Epoch 24 [0/625] Loss: 0.0373 | Phase: hard | Scale: 0.39
2026-02-06 04:15:59 [INFO] Epoch 24 [50/625] Loss: 0.0370 | Phase: hard | Scale: 0.39
2026-02-06 04:16:19 [INFO] Epoch 24 [100/625] Loss: 0.0366 | Phase: hard | Scale: 0.39
2026-02-06 04:16:39 [INFO] Epoch 24 [150/625] Loss: 0.0376 | Phase: hard | Scale: 0.39
2026-02-06 04:16:59 [INFO] Epoch 24 [200/625] Loss: 0.0366 | Phase: hard | Scale: 0.39
2026-02-06 04:17:19 [INFO] Epoch 24 [250/625] Loss: 0.0359 | Phase: hard | Scale: 0.39
2026-02-06 04:17:39 [INFO] Epoch 24 [300/625] Loss: 0.0366 | Phase: hard | Scale: 0.39
2026-02-06 04:18:00 [INFO] Epoch 24 [350/625] Loss: 0.0382 | Phase: hard | Scale: 0.39
2026-02-06 04:18:20 [INFO] Epoch 24 [400/625] Loss: 0.0374 | Phase: hard | Scale: 0.39
2026-02-06 04:18:40 [INFO] Epoch 24 [450/625] Loss: 0.0369 | Phase: hard | Scale: 0.39
2026-02-06 04:19:00 [INFO] Epoch 24 [500/625] Loss: 0.0367 | Phase: hard | Scale: 0.39
2026-02-06 04:19:20 [INFO] Epoch 24 [550/625] Loss: 0.0368 | Phase: hard | Scale: 0.39
2026-02-06 04:19:40 [INFO] Epoch 24 [600/625] Loss: 0.0362 | Phase: hard | Scale: 0.39
2026-02-06 04:21:15 [INFO] Epoch 24/80 (343.2s) | Phase: hard | LR: 8.89e-05 | Train Loss: 0.0371 | Val Loss: 0.0564 | Val Dice: 0.9934 | Val IoU: 0.9868
2026-02-06 04:21:22 [INFO] Epoch 25 [0/625] Loss: 0.0462 | Phase: hard | Scale: 0.41
2026-02-06 04:21:42 [INFO] Epoch 25 [50/625] Loss: 0.0453 | Phase: hard | Scale: 0.41
2026-02-06 04:22:02 [INFO] Epoch 25 [100/625] Loss: 0.0451 | Phase: hard | Scale: 0.41
2026-02-06 04:22:23 [INFO] Epoch 25 [150/625] Loss: 0.0460 | Phase: hard | Scale: 0.41
2026-02-06 04:22:43 [INFO] Epoch 25 [200/625] Loss: 0.0449 | Phase: hard | Scale: 0.41
2026-02-06 04:23:03 [INFO] Epoch 25 [250/625] Loss: 0.0446 | Phase: hard | Scale: 0.41
2026-02-06 04:23:23 [INFO] Epoch 25 [300/625] Loss: 0.0449 | Phase: hard | Scale: 0.41
2026-02-06 04:23:43 [INFO] Epoch 25 [350/625] Loss: 0.0446 | Phase: hard | Scale: 0.41
2026-02-06 04:24:03 [INFO] Epoch 25 [400/625] Loss: 0.0445 | Phase: hard | Scale: 0.41
2026-02-06 04:24:23 [INFO] Epoch 25 [450/625] Loss: 0.0446 | Phase: hard | Scale: 0.41
2026-02-06 04:24:43 [INFO] Epoch 25 [500/625] Loss: 0.0462 | Phase: hard | Scale: 0.41
2026-02-06 04:25:04 [INFO] Epoch 25 [550/625] Loss: 0.0443 | Phase: hard | Scale: 0.41
2026-02-06 04:25:24 [INFO] Epoch 25 [600/625] Loss: 0.0442 | Phase: hard | Scale: 0.41
2026-02-06 04:26:57 [INFO] Epoch 25/80 (342.0s) | Phase: hard | LR: 8.78e-05 | Train Loss: 0.0453 | Val Loss: 0.0656 | Val Dice: 0.9942 | Val IoU: 0.9885
2026-02-06 04:27:05 [INFO] Epoch 26 [0/625] Loss: 0.0533 | Phase: hard | Scale: 0.42
2026-02-06 04:27:25 [INFO] Epoch 26 [50/625] Loss: 0.0526 | Phase: hard | Scale: 0.42
2026-02-06 04:27:45 [INFO] Epoch 26 [100/625] Loss: 0.0543 | Phase: hard | Scale: 0.42
2026-02-06 04:28:05 [INFO] Epoch 26 [150/625] Loss: 0.0534 | Phase: hard | Scale: 0.42
2026-02-06 04:28:26 [INFO] Epoch 26 [200/625] Loss: 0.0523 | Phase: hard | Scale: 0.42
2026-02-06 04:28:46 [INFO] Epoch 26 [250/625] Loss: 0.0531 | Phase: hard | Scale: 0.42
2026-02-06 04:29:06 [INFO] Epoch 26 [300/625] Loss: 0.0535 | Phase: hard | Scale: 0.42
2026-02-06 04:29:26 [INFO] Epoch 26 [350/625] Loss: 0.0537 | Phase: hard | Scale: 0.42
2026-02-06 04:29:46 [INFO] Epoch 26 [400/625] Loss: 0.0541 | Phase: hard | Scale: 0.42
2026-02-06 04:30:06 [INFO] Epoch 26 [450/625] Loss: 0.0551 | Phase: hard | Scale: 0.42
2026-02-06 04:30:26 [INFO] Epoch 26 [500/625] Loss: 0.0530 | Phase: hard | Scale: 0.42
2026-02-06 04:30:46 [INFO] Epoch 26 [550/625] Loss: 0.0533 | Phase: hard | Scale: 0.42
2026-02-06 04:31:07 [INFO] Epoch 26 [600/625] Loss: 0.0532 | Phase: hard | Scale: 0.42
2026-02-06 04:32:43 [INFO] Epoch 26/80 (344.9s) | Phase: hard | LR: 8.68e-05 | Train Loss: 0.0534 | Val Loss: 0.0845 | Val Dice: 0.9906 | Val IoU: 0.9814
2026-02-06 04:32:50 [INFO] Epoch 27 [0/625] Loss: 0.0623 | Phase: hard | Scale: 0.44
2026-02-06 04:33:10 [INFO] Epoch 27 [50/625] Loss: 0.0616 | Phase: hard | Scale: 0.44
2026-02-06 04:33:30 [INFO] Epoch 27 [100/625] Loss: 0.0623 | Phase: hard | Scale: 0.44
2026-02-06 04:33:51 [INFO] Epoch 27 [150/625] Loss: 0.0624 | Phase: hard | Scale: 0.44
2026-02-06 04:34:11 [INFO] Epoch 27 [200/625] Loss: 0.0611 | Phase: hard | Scale: 0.44
2026-02-06 04:34:31 [INFO] Epoch 27 [250/625] Loss: 0.0612 | Phase: hard | Scale: 0.44
2026-02-06 04:34:51 [INFO] Epoch 27 [300/625] Loss: 0.0612 | Phase: hard | Scale: 0.44
2026-02-06 04:35:11 [INFO] Epoch 27 [350/625] Loss: 0.0621 | Phase: hard | Scale: 0.44
2026-02-06 04:35:31 [INFO] Epoch 27 [400/625] Loss: 0.0627 | Phase: hard | Scale: 0.44
2026-02-06 04:35:51 [INFO] Epoch 27 [450/625] Loss: 0.0646 | Phase: hard | Scale: 0.44
2026-02-06 04:36:12 [INFO] Epoch 27 [500/625] Loss: 0.0613 | Phase: hard | Scale: 0.44
2026-02-06 04:36:32 [INFO] Epoch 27 [550/625] Loss: 0.0612 | Phase: hard | Scale: 0.44
2026-02-06 04:36:52 [INFO] Epoch 27 [600/625] Loss: 0.0615 | Phase: hard | Scale: 0.44
2026-02-06 04:38:27 [INFO] Epoch 27/80 (343.4s) | Phase: hard | LR: 8.56e-05 | Train Loss: 0.0617 | Val Loss: 0.0906 | Val Dice: 0.9926 | Val IoU: 0.9853
2026-02-06 04:38:34 [INFO] Epoch 28 [0/625] Loss: 0.0700 | Phase: hard | Scale: 0.45
2026-02-06 04:38:54 [INFO] Epoch 28 [50/625] Loss: 0.0705 | Phase: hard | Scale: 0.45
2026-02-06 04:39:14 [INFO] Epoch 28 [100/625] Loss: 0.0708 | Phase: hard | Scale: 0.45
2026-02-06 04:39:34 [INFO] Epoch 28 [150/625] Loss: 0.0696 | Phase: hard | Scale: 0.45
2026-02-06 04:39:55 [INFO] Epoch 28 [200/625] Loss: 0.0689 | Phase: hard | Scale: 0.45
2026-02-06 04:40:15 [INFO] Epoch 28 [250/625] Loss: 0.0709 | Phase: hard | Scale: 0.45
2026-02-06 04:40:35 [INFO] Epoch 28 [300/625] Loss: 0.0696 | Phase: hard | Scale: 0.45
2026-02-06 04:40:55 [INFO] Epoch 28 [350/625] Loss: 0.0705 | Phase: hard | Scale: 0.45
2026-02-06 04:41:15 [INFO] Epoch 28 [400/625] Loss: 0.0720 | Phase: hard | Scale: 0.45
2026-02-06 04:41:35 [INFO] Epoch 28 [450/625] Loss: 0.0695 | Phase: hard | Scale: 0.45
2026-02-06 04:41:55 [INFO] Epoch 28 [500/625] Loss: 0.0696 | Phase: hard | Scale: 0.45
2026-02-06 04:42:16 [INFO] Epoch 28 [550/625] Loss: 0.0694 | Phase: hard | Scale: 0.45
2026-02-06 04:42:36 [INFO] Epoch 28 [600/625] Loss: 0.0708 | Phase: hard | Scale: 0.45
2026-02-06 04:44:11 [INFO] Epoch 28/80 (343.8s) | Phase: hard | LR: 8.45e-05 | Train Loss: 0.0700 | Val Loss: 0.0951 | Val Dice: 0.9933 | Val IoU: 0.9867
2026-02-06 04:44:18 [INFO] Epoch 29 [0/625] Loss: 0.0787 | Phase: hard | Scale: 0.47
2026-02-06 04:44:38 [INFO] Epoch 29 [50/625] Loss: 0.0786 | Phase: hard | Scale: 0.47
2026-02-06 04:44:59 [INFO] Epoch 29 [100/625] Loss: 0.0789 | Phase: hard | Scale: 0.47
2026-02-06 04:45:19 [INFO] Epoch 29 [150/625] Loss: 0.0784 | Phase: hard | Scale: 0.47
2026-02-06 04:45:39 [INFO] Epoch 29 [200/625] Loss: 0.0779 | Phase: hard | Scale: 0.47
2026-02-06 04:45:59 [INFO] Epoch 29 [250/625] Loss: 0.0789 | Phase: hard | Scale: 0.47
2026-02-06 04:46:19 [INFO] Epoch 29 [300/625] Loss: 0.0786 | Phase: hard | Scale: 0.47
2026-02-06 04:46:39 [INFO] Epoch 29 [350/625] Loss: 0.0788 | Phase: hard | Scale: 0.47
2026-02-06 04:46:59 [INFO] Epoch 29 [400/625] Loss: 0.0786 | Phase: hard | Scale: 0.47
2026-02-06 04:47:19 [INFO] Epoch 29 [450/625] Loss: 0.0784 | Phase: hard | Scale: 0.47
2026-02-06 04:47:40 [INFO] Epoch 29 [500/625] Loss: 0.0781 | Phase: hard | Scale: 0.47
2026-02-06 04:48:00 [INFO] Epoch 29 [550/625] Loss: 0.0782 | Phase: hard | Scale: 0.47
2026-02-06 04:48:20 [INFO] Epoch 29 [600/625] Loss: 0.0781 | Phase: hard | Scale: 0.47
2026-02-06 04:49:56 [INFO] Epoch 29/80 (344.3s) | Phase: hard | LR: 8.33e-05 | Train Loss: 0.0784 | Val Loss: 0.1053 | Val Dice: 0.9918 | Val IoU: 0.9837
2026-02-06 04:50:03 [INFO] Epoch 30 [0/625] Loss: 0.0856 | Phase: hard | Scale: 0.48
2026-02-06 04:50:23 [INFO] Epoch 30 [50/625] Loss: 0.0867 | Phase: hard | Scale: 0.48
2026-02-06 04:50:43 [INFO] Epoch 30 [100/625] Loss: 0.0881 | Phase: hard | Scale: 0.48
2026-02-06 04:51:03 [INFO] Epoch 30 [150/625] Loss: 0.0864 | Phase: hard | Scale: 0.48
2026-02-06 04:51:23 [INFO] Epoch 30 [200/625] Loss: 0.0873 | Phase: hard | Scale: 0.48
2026-02-06 04:51:44 [INFO] Epoch 30 [250/625] Loss: 0.0873 | Phase: hard | Scale: 0.48
2026-02-06 04:52:04 [INFO] Epoch 30 [300/625] Loss: 0.0857 | Phase: hard | Scale: 0.48
2026-02-06 04:52:24 [INFO] Epoch 30 [350/625] Loss: 0.0868 | Phase: hard | Scale: 0.48
2026-02-06 04:52:44 [INFO] Epoch 30 [400/625] Loss: 0.0868 | Phase: hard | Scale: 0.48
2026-02-06 04:53:04 [INFO] Epoch 30 [450/625] Loss: 0.0870 | Phase: hard | Scale: 0.48
2026-02-06 04:53:24 [INFO] Epoch 30 [500/625] Loss: 0.0862 | Phase: hard | Scale: 0.48
2026-02-06 04:53:44 [INFO] Epoch 30 [550/625] Loss: 0.0859 | Phase: hard | Scale: 0.48
2026-02-06 04:54:05 [INFO] Epoch 30 [600/625] Loss: 0.0863 | Phase: hard | Scale: 0.48
2026-02-06 04:55:37 [INFO] Epoch 30/80 (340.6s) | Phase: hard | LR: 8.21e-05 | Train Loss: 0.0868 | Val Loss: 0.1035 | Val Dice: 0.9959 | Val IoU: 0.9918
2026-02-06 04:55:44 [INFO] Epoch 31 [0/625] Loss: 0.0954 | Phase: hard | Scale: 0.50
2026-02-06 04:56:04 [INFO] Epoch 31 [50/625] Loss: 0.0953 | Phase: hard | Scale: 0.50
2026-02-06 04:56:25 [INFO] Epoch 31 [100/625] Loss: 0.0973 | Phase: hard | Scale: 0.50
2026-02-06 04:56:45 [INFO] Epoch 31 [150/625] Loss: 0.0956 | Phase: hard | Scale: 0.50
2026-02-06 04:57:05 [INFO] Epoch 31 [200/625] Loss: 0.0945 | Phase: hard | Scale: 0.50
2026-02-06 04:57:25 [INFO] Epoch 31 [250/625] Loss: 0.0944 | Phase: hard | Scale: 0.50
2026-02-06 04:57:45 [INFO] Epoch 31 [300/625] Loss: 0.0963 | Phase: hard | Scale: 0.50
2026-02-06 04:58:05 [INFO] Epoch 31 [350/625] Loss: 0.0971 | Phase: hard | Scale: 0.50
2026-02-06 04:58:25 [INFO] Epoch 31 [400/625] Loss: 0.0945 | Phase: hard | Scale: 0.50
2026-02-06 04:58:46 [INFO] Epoch 31 [450/625] Loss: 0.0955 | Phase: hard | Scale: 0.50
2026-02-06 04:59:06 [INFO] Epoch 31 [500/625] Loss: 0.0944 | Phase: hard | Scale: 0.50
2026-02-06 04:59:26 [INFO] Epoch 31 [550/625] Loss: 0.0969 | Phase: hard | Scale: 0.50
2026-02-06 04:59:46 [INFO] Epoch 31 [600/625] Loss: 0.0945 | Phase: hard | Scale: 0.50
2026-02-06 05:01:19 [INFO] Epoch 31/80 (341.1s) | Phase: hard | LR: 8.08e-05 | Train Loss: 0.0952 | Val Loss: 0.1287 | Val Dice: 0.9946 | Val IoU: 0.9893
2026-02-06 05:01:26 [INFO] Epoch 32 [0/625] Loss: 0.1037 | Phase: hard | Scale: 0.51
2026-02-06 05:01:46 [INFO] Epoch 32 [50/625] Loss: 0.1047 | Phase: hard | Scale: 0.51
2026-02-06 05:02:06 [INFO] Epoch 32 [100/625] Loss: 0.1039 | Phase: hard | Scale: 0.51
2026-02-06 05:02:26 [INFO] Epoch 32 [150/625] Loss: 0.1041 | Phase: hard | Scale: 0.51
2026-02-06 05:02:46 [INFO] Epoch 32 [200/625] Loss: 0.1022 | Phase: hard | Scale: 0.51
2026-02-06 05:03:06 [INFO] Epoch 32 [250/625] Loss: 0.1020 | Phase: hard | Scale: 0.51
2026-02-06 05:03:26 [INFO] Epoch 32 [300/625] Loss: 0.1049 | Phase: hard | Scale: 0.51
2026-02-06 05:03:46 [INFO] Epoch 32 [350/625] Loss: 0.1030 | Phase: hard | Scale: 0.51
2026-02-06 05:04:07 [INFO] Epoch 32 [400/625] Loss: 0.1033 | Phase: hard | Scale: 0.51
2026-02-06 05:04:27 [INFO] Epoch 32 [450/625] Loss: 0.1037 | Phase: hard | Scale: 0.51
2026-02-06 05:04:47 [INFO] Epoch 32 [500/625] Loss: 0.1016 | Phase: hard | Scale: 0.51
2026-02-06 05:05:07 [INFO] Epoch 32 [550/625] Loss: 0.1023 | Phase: hard | Scale: 0.51
2026-02-06 05:05:27 [INFO] Epoch 32 [600/625] Loss: 0.1049 | Phase: hard | Scale: 0.51
2026-02-06 05:07:01 [INFO] Epoch 32/80 (342.2s) | Phase: hard | LR: 7.95e-05 | Train Loss: 0.1036 | Val Loss: 0.1213 | Val Dice: 0.9940 | Val IoU: 0.9880
2026-02-06 05:07:08 [INFO] Epoch 33 [0/625] Loss: 0.1127 | Phase: hard | Scale: 0.52
2026-02-06 05:07:28 [INFO] Epoch 33 [50/625] Loss: 0.1107 | Phase: hard | Scale: 0.52
2026-02-06 05:07:49 [INFO] Epoch 33 [100/625] Loss: 0.1118 | Phase: hard | Scale: 0.52
2026-02-06 05:08:09 [INFO] Epoch 33 [150/625] Loss: 0.1120 | Phase: hard | Scale: 0.52
2026-02-06 05:08:29 [INFO] Epoch 33 [200/625] Loss: 0.1121 | Phase: hard | Scale: 0.52
2026-02-06 05:08:49 [INFO] Epoch 33 [250/625] Loss: 0.1110 | Phase: hard | Scale: 0.52
2026-02-06 05:09:09 [INFO] Epoch 33 [300/625] Loss: 0.1117 | Phase: hard | Scale: 0.52
2026-02-06 05:09:29 [INFO] Epoch 33 [350/625] Loss: 0.1112 | Phase: hard | Scale: 0.52
2026-02-06 05:09:49 [INFO] Epoch 33 [400/625] Loss: 0.1139 | Phase: hard | Scale: 0.52
2026-02-06 05:10:10 [INFO] Epoch 33 [450/625] Loss: 0.1114 | Phase: hard | Scale: 0.52
2026-02-06 05:10:30 [INFO] Epoch 33 [500/625] Loss: 0.1116 | Phase: hard | Scale: 0.52
2026-02-06 05:10:50 [INFO] Epoch 33 [550/625] Loss: 0.1141 | Phase: hard | Scale: 0.52
2026-02-06 05:11:10 [INFO] Epoch 33 [600/625] Loss: 0.1123 | Phase: hard | Scale: 0.52
2026-02-06 05:12:45 [INFO] Epoch 33/80 (343.7s) | Phase: hard | LR: 7.82e-05 | Train Loss: 0.1121 | Val Loss: 0.1328 | Val Dice: 0.9921 | Val IoU: 0.9843
2026-02-06 05:12:52 [INFO] Epoch 34 [0/625] Loss: 0.1177 | Phase: hard | Scale: 0.54
2026-02-06 05:13:13 [INFO] Epoch 34 [50/625] Loss: 0.1198 | Phase: hard | Scale: 0.54
2026-02-06 05:13:33 [INFO] Epoch 34 [100/625] Loss: 0.1205 | Phase: hard | Scale: 0.54
2026-02-06 05:13:53 [INFO] Epoch 34 [150/625] Loss: 0.1220 | Phase: hard | Scale: 0.54
2026-02-06 05:14:13 [INFO] Epoch 34 [200/625] Loss: 0.1203 | Phase: hard | Scale: 0.54
2026-02-06 05:14:33 [INFO] Epoch 34 [250/625] Loss: 0.1203 | Phase: hard | Scale: 0.54
2026-02-06 05:14:53 [INFO] Epoch 34 [300/625] Loss: 0.1193 | Phase: hard | Scale: 0.54
2026-02-06 05:15:13 [INFO] Epoch 34 [350/625] Loss: 0.1213 | Phase: hard | Scale: 0.54
2026-02-06 05:15:34 [INFO] Epoch 34 [400/625] Loss: 0.1198 | Phase: hard | Scale: 0.54
2026-02-06 05:15:54 [INFO] Epoch 34 [450/625] Loss: 0.1198 | Phase: hard | Scale: 0.54
2026-02-06 05:16:14 [INFO] Epoch 34 [500/625] Loss: 0.1200 | Phase: hard | Scale: 0.54
2026-02-06 05:16:34 [INFO] Epoch 34 [550/625] Loss: 0.1184 | Phase: hard | Scale: 0.54
2026-02-06 05:16:54 [INFO] Epoch 34 [600/625] Loss: 0.1172 | Phase: hard | Scale: 0.54
2026-02-06 05:18:25 [INFO] Epoch 34/80 (339.6s) | Phase: hard | LR: 7.68e-05 | Train Loss: 0.1205 | Val Loss: 0.1404 | Val Dice: 0.9965 | Val IoU: 0.9930
2026-02-06 05:18:32 [INFO] Epoch 35 [0/625] Loss: 0.1296 | Phase: hard | Scale: 0.55
2026-02-06 05:18:53 [INFO] Epoch 35 [50/625] Loss: 0.1274 | Phase: hard | Scale: 0.55
2026-02-06 05:19:13 [INFO] Epoch 35 [100/625] Loss: 0.1310 | Phase: hard | Scale: 0.55
2026-02-06 05:19:33 [INFO] Epoch 35 [150/625] Loss: 0.1311 | Phase: hard | Scale: 0.55
2026-02-06 05:19:53 [INFO] Epoch 35 [200/625] Loss: 0.1290 | Phase: hard | Scale: 0.55
2026-02-06 05:20:13 [INFO] Epoch 35 [250/625] Loss: 0.1255 | Phase: hard | Scale: 0.55
2026-02-06 05:20:33 [INFO] Epoch 35 [300/625] Loss: 0.1282 | Phase: hard | Scale: 0.55
2026-02-06 05:20:53 [INFO] Epoch 35 [350/625] Loss: 0.1257 | Phase: hard | Scale: 0.55
2026-02-06 05:21:14 [INFO] Epoch 35 [400/625] Loss: 0.1273 | Phase: hard | Scale: 0.55
2026-02-06 05:21:34 [INFO] Epoch 35 [450/625] Loss: 0.1288 | Phase: hard | Scale: 0.55
2026-02-06 05:21:54 [INFO] Epoch 35 [500/625] Loss: 0.1299 | Phase: hard | Scale: 0.55
2026-02-06 05:22:14 [INFO] Epoch 35 [550/625] Loss: 0.1258 | Phase: hard | Scale: 0.55
2026-02-06 05:22:34 [INFO] Epoch 35 [600/625] Loss: 0.1280 | Phase: hard | Scale: 0.55
2026-02-06 05:24:05 [INFO] Epoch 35/80 (339.1s) | Phase: hard | LR: 7.55e-05 | Train Loss: 0.1290 | Val Loss: 0.1413 | Val Dice: 0.9970 | Val IoU: 0.9940
2026-02-06 05:24:12 [INFO] Epoch 36 [0/625] Loss: 0.1369 | Phase: hard | Scale: 0.57
2026-02-06 05:24:32 [INFO] Epoch 36 [50/625] Loss: 0.1371 | Phase: hard | Scale: 0.57
2026-02-06 05:24:52 [INFO] Epoch 36 [100/625] Loss: 0.1356 | Phase: hard | Scale: 0.57
2026-02-06 05:25:13 [INFO] Epoch 36 [150/625] Loss: 0.1397 | Phase: hard | Scale: 0.57
2026-02-06 05:25:33 [INFO] Epoch 36 [200/625] Loss: 0.1379 | Phase: hard | Scale: 0.57
2026-02-06 05:25:53 [INFO] Epoch 36 [250/625] Loss: 0.1369 | Phase: hard | Scale: 0.57
2026-02-06 05:26:13 [INFO] Epoch 36 [300/625] Loss: 0.1394 | Phase: hard | Scale: 0.57
2026-02-06 05:26:33 [INFO] Epoch 36 [350/625] Loss: 0.1363 | Phase: hard | Scale: 0.57
2026-02-06 05:26:53 [INFO] Epoch 36 [400/625] Loss: 0.1381 | Phase: hard | Scale: 0.57
2026-02-06 05:27:13 [INFO] Epoch 36 [450/625] Loss: 0.1363 | Phase: hard | Scale: 0.57
2026-02-06 05:27:34 [INFO] Epoch 36 [500/625] Loss: 0.1390 | Phase: hard | Scale: 0.57
2026-02-06 05:27:54 [INFO] Epoch 36 [550/625] Loss: 0.1379 | Phase: hard | Scale: 0.57
2026-02-06 05:28:14 [INFO] Epoch 36 [600/625] Loss: 0.1388 | Phase: hard | Scale: 0.57
2026-02-06 05:29:45 [INFO] Epoch 36/80 (339.4s) | Phase: hard | LR: 7.41e-05 | Train Loss: 0.1375 | Val Loss: 0.1523 | Val Dice: 0.9969 | Val IoU: 0.9938
2026-02-06 05:29:45 [INFO] Early stopping at epoch 36 (no improvement for 15 epochs)
2026-02-06 05:29:45 [INFO] Training complete. Best dice: 0.9968
2026-02-06 05:29:45 [INFO] ==================================================
2026-02-06 05:29:45 [INFO] Final Validation Metrics:
2026-02-06 05:29:45 [INFO]   val_loss: 0.1523
2026-02-06 05:29:45 [INFO]   dice: 0.9969
2026-02-06 05:29:45 [INFO]   iou: 0.9938
2026-02-06 05:29:45 [INFO]   precision: 0.9966
2026-02-06 05:29:45 [INFO]   recall: 0.9972
2026-02-06 05:29:45 [INFO]   hausdorff_95: 3.6553
2026-02-06 05:29:45 [INFO]   boundary_f1: 0.9757
2026-02-06 11:39:47 [INFO] Using device: cpu
2026-02-06 11:39:47 [INFO] Model: attention_unet (31,562,643 params)
2026-02-06 11:39:47 [INFO] Train: 5000 samples, Val: 1000 samples
2026-02-06 11:39:48 [INFO] Training for 80 epochs on cpu
2026-02-06 11:39:48 [INFO] Model parameters: 31,562,643
2026-02-06 11:39:48 [INFO] Curriculum Learning Schedule:
--------------------------------------------------
  Phase 'easy': epochs 1-5, noise_scale=0.05, mixed_prob=0.00
  Phase 'medium': epochs 6-20, noise_scale=0.15, mixed_prob=0.10
  Phase 'hard': epochs 21-45, noise_scale=0.25, mixed_prob=0.20
  Phase 'extreme': epochs 46-80, noise_scale=0.30, mixed_prob=0.30
2026-02-06 11:40:29 [INFO] Epoch 1 [0/625] Loss: 1.4168 | Phase: easy | Scale: 0.05
2026-02-06 12:02:06 [INFO] Epoch 1 [50/625] Loss: 1.1766 | Phase: easy | Scale: 0.05
2026-02-18 21:02:18 [INFO] Using device: cuda
2026-02-18 21:02:19 [INFO] Model: attention_unet (31,562,643 params)
2026-02-18 21:02:19 [INFO] Train: 5000 samples, Val: 1000 samples
2026-02-18 21:02:19 [INFO] Training for 80 epochs on cuda
2026-02-18 21:02:19 [INFO] Model parameters: 31,562,643
2026-02-18 21:02:19 [INFO] Curriculum Learning Schedule:
--------------------------------------------------
  Phase 'easy': epochs 1-5, noise_scale=0.10, mixed_prob=0.00
  Phase 'medium': epochs 6-20, noise_scale=0.35, mixed_prob=0.20
  Phase 'hard': epochs 21-45, noise_scale=0.70, mixed_prob=0.40
  Phase 'extreme': epochs 46-80, noise_scale=1.00, mixed_prob=0.60
2026-02-18 21:02:28 [INFO] Epoch 1 [0/625] Loss: 1.4201 | Phase: easy | Scale: 0.10
2026-02-18 21:02:49 [INFO] Epoch 1 [50/625] Loss: 1.0480 | Phase: easy | Scale: 0.10
2026-02-18 21:03:10 [INFO] Epoch 1 [100/625] Loss: 0.9064 | Phase: easy | Scale: 0.10
2026-02-18 21:03:32 [INFO] Epoch 1 [150/625] Loss: 0.9043 | Phase: easy | Scale: 0.10
2026-02-18 21:03:54 [INFO] Epoch 1 [200/625] Loss: 0.7630 | Phase: easy | Scale: 0.10
2026-02-18 21:04:15 [INFO] Epoch 1 [250/625] Loss: 0.8917 | Phase: easy | Scale: 0.10
2026-02-18 21:20:17 [INFO] Epoch 1 [300/625] Loss: 0.7027 | Phase: easy | Scale: 0.10
2026-02-18 21:20:39 [INFO] Epoch 1 [350/625] Loss: 0.7011 | Phase: easy | Scale: 0.10
2026-02-18 21:21:00 [INFO] Epoch 1 [400/625] Loss: 0.5418 | Phase: easy | Scale: 0.10
2026-02-18 21:21:22 [INFO] Epoch 1 [450/625] Loss: 0.7341 | Phase: easy | Scale: 0.10
2026-02-18 21:21:44 [INFO] Epoch 1 [500/625] Loss: 0.7724 | Phase: easy | Scale: 0.10
2026-02-18 21:22:05 [INFO] Epoch 1 [550/625] Loss: 0.6217 | Phase: easy | Scale: 0.10
2026-02-18 21:22:27 [INFO] Epoch 1 [600/625] Loss: 0.5186 | Phase: easy | Scale: 0.10
2026-02-18 21:24:01 [INFO] Epoch 1/80 (1301.9s) | Phase: easy | LR: 3.33e-05 | Train Loss: 0.7539 | Val Loss: 0.8865 | Val Dice: 0.7169 | Val IoU: 0.5588 | Clean Dice: 0.8997
2026-02-18 21:24:02 [INFO] New best model saved (dice=0.7169)
2026-02-18 21:24:10 [INFO] Epoch 2 [0/625] Loss: 0.4802 | Phase: easy | Scale: 0.10
2026-02-18 21:24:31 [INFO] Epoch 2 [50/625] Loss: 0.6032 | Phase: easy | Scale: 0.10
2026-02-18 21:24:53 [INFO] Epoch 2 [100/625] Loss: 0.5608 | Phase: easy | Scale: 0.10
2026-02-18 21:35:06 [INFO] Epoch 2 [150/625] Loss: 0.4268 | Phase: easy | Scale: 0.10
2026-02-18 21:35:27 [INFO] Epoch 2 [200/625] Loss: 0.5890 | Phase: easy | Scale: 0.10
2026-02-18 21:35:49 [INFO] Epoch 2 [250/625] Loss: 0.3891 | Phase: easy | Scale: 0.10
2026-02-18 21:36:10 [INFO] Epoch 2 [300/625] Loss: 0.4061 | Phase: easy | Scale: 0.10
2026-02-18 21:36:32 [INFO] Epoch 2 [350/625] Loss: 0.4111 | Phase: easy | Scale: 0.10
2026-02-18 21:36:54 [INFO] Epoch 2 [400/625] Loss: 0.4709 | Phase: easy | Scale: 0.10
2026-02-18 21:37:16 [INFO] Epoch 2 [450/625] Loss: 0.4163 | Phase: easy | Scale: 0.10
2026-02-18 21:37:37 [INFO] Epoch 2 [500/625] Loss: 0.4326 | Phase: easy | Scale: 0.10
2026-02-18 21:37:59 [INFO] Epoch 2 [550/625] Loss: 0.3251 | Phase: easy | Scale: 0.10
2026-02-18 21:38:21 [INFO] Epoch 2 [600/625] Loss: 0.3182 | Phase: easy | Scale: 0.10
2026-02-18 21:39:34 [INFO] Epoch 2/80 (932.5s) | Phase: easy | LR: 6.67e-05 | Train Loss: 0.4535 | Val Loss: 0.8424 | Val Dice: 0.7020 | Val IoU: 0.5408 | Clean Dice: 0.9193
2026-02-18 21:39:42 [INFO] Epoch 3 [0/625] Loss: 0.2971 | Phase: easy | Scale: 0.10
2026-02-18 21:40:04 [INFO] Epoch 3 [50/625] Loss: 0.3612 | Phase: easy | Scale: 0.10
2026-02-18 21:40:25 [INFO] Epoch 3 [100/625] Loss: 0.3402 | Phase: easy | Scale: 0.10
2026-02-18 21:40:47 [INFO] Epoch 3 [150/625] Loss: 0.5175 | Phase: easy | Scale: 0.10
2026-02-18 21:41:09 [INFO] Epoch 3 [200/625] Loss: 0.3174 | Phase: easy | Scale: 0.10
2026-02-18 21:41:30 [INFO] Epoch 3 [250/625] Loss: 0.2971 | Phase: easy | Scale: 0.10
2026-02-18 21:41:52 [INFO] Epoch 3 [300/625] Loss: 0.3019 | Phase: easy | Scale: 0.10
2026-02-18 21:42:14 [INFO] Epoch 3 [350/625] Loss: 0.2892 | Phase: easy | Scale: 0.10
2026-02-18 21:42:35 [INFO] Epoch 3 [400/625] Loss: 0.2707 | Phase: easy | Scale: 0.10
2026-02-18 21:42:57 [INFO] Epoch 3 [450/625] Loss: 0.2970 | Phase: easy | Scale: 0.10
2026-02-18 21:43:19 [INFO] Epoch 3 [500/625] Loss: 0.2471 | Phase: easy | Scale: 0.10
2026-02-18 21:43:40 [INFO] Epoch 3 [550/625] Loss: 0.2706 | Phase: easy | Scale: 0.10
2026-02-18 21:44:02 [INFO] Epoch 3 [600/625] Loss: 0.2801 | Phase: easy | Scale: 0.10
2026-02-18 21:45:13 [INFO] Epoch 3/80 (338.7s) | Phase: easy | LR: 1.00e-04 | Train Loss: 0.3136 | Val Loss: 0.8524 | Val Dice: 0.6933 | Val IoU: 0.5305 | Clean Dice: 0.8899
2026-02-18 21:45:21 [INFO] Epoch 4 [0/625] Loss: 0.2876 | Phase: easy | Scale: 0.10
2026-02-18 21:45:43 [INFO] Epoch 4 [50/625] Loss: 0.2549 | Phase: easy | Scale: 0.10
2026-02-18 21:46:04 [INFO] Epoch 4 [100/625] Loss: 0.2729 | Phase: easy | Scale: 0.10
2026-02-18 21:46:26 [INFO] Epoch 4 [150/625] Loss: 0.2611 | Phase: easy | Scale: 0.10
2026-02-18 21:46:48 [INFO] Epoch 4 [200/625] Loss: 0.2239 | Phase: easy | Scale: 0.10
2026-02-18 21:47:09 [INFO] Epoch 4 [250/625] Loss: 0.2439 | Phase: easy | Scale: 0.10
2026-02-18 21:47:31 [INFO] Epoch 4 [300/625] Loss: 0.2340 | Phase: easy | Scale: 0.10
2026-02-18 21:47:53 [INFO] Epoch 4 [350/625] Loss: 0.2411 | Phase: easy | Scale: 0.10
2026-02-18 21:48:14 [INFO] Epoch 4 [400/625] Loss: 0.2586 | Phase: easy | Scale: 0.10
2026-02-18 21:48:36 [INFO] Epoch 4 [450/625] Loss: 0.2421 | Phase: easy | Scale: 0.10
2026-02-18 21:48:58 [INFO] Epoch 4 [500/625] Loss: 0.2519 | Phase: easy | Scale: 0.10
2026-02-18 21:49:19 [INFO] Epoch 4 [550/625] Loss: 0.2512 | Phase: easy | Scale: 0.10
2026-02-18 21:49:41 [INFO] Epoch 4 [600/625] Loss: 0.2680 | Phase: easy | Scale: 0.10
2026-02-18 22:08:52 [INFO] Epoch 4/80 (1418.4s) | Phase: easy | LR: 1.00e-04 | Train Loss: 0.2546 | Val Loss: 0.7629 | Val Dice: 0.7096 | Val IoU: 0.5499 | Clean Dice: 0.8674
2026-02-18 22:09:03 [INFO] Epoch 5 [0/625] Loss: 0.2569 | Phase: easy | Scale: 0.10
2026-02-18 22:09:23 [INFO] Epoch 5 [50/625] Loss: 0.2455 | Phase: easy | Scale: 0.10
2026-02-18 22:09:44 [INFO] Epoch 5 [100/625] Loss: 0.2492 | Phase: easy | Scale: 0.10
2026-02-18 22:10:04 [INFO] Epoch 5 [150/625] Loss: 0.2314 | Phase: easy | Scale: 0.10
2026-02-18 22:10:25 [INFO] Epoch 5 [200/625] Loss: 0.2491 | Phase: easy | Scale: 0.10
2026-02-18 22:10:45 [INFO] Epoch 5 [250/625] Loss: 0.2100 | Phase: easy | Scale: 0.10
2026-02-18 22:11:06 [INFO] Epoch 5 [300/625] Loss: 0.2338 | Phase: easy | Scale: 0.10
2026-02-18 22:11:26 [INFO] Epoch 5 [350/625] Loss: 0.2343 | Phase: easy | Scale: 0.10
2026-02-18 22:11:47 [INFO] Epoch 5 [400/625] Loss: 0.1981 | Phase: easy | Scale: 0.10
2026-02-18 22:12:08 [INFO] Epoch 5 [450/625] Loss: 0.2071 | Phase: easy | Scale: 0.10
2026-02-19 09:12:44 [INFO] Epoch 5 [500/625] Loss: 0.1941 | Phase: easy | Scale: 0.10
2026-02-19 09:13:04 [INFO] Epoch 5 [550/625] Loss: 0.2291 | Phase: easy | Scale: 0.10
2026-02-19 09:13:25 [INFO] Epoch 5 [600/625] Loss: 0.2305 | Phase: easy | Scale: 0.10
2026-02-19 09:14:34 [INFO] Epoch 5/80 (39941.7s) | Phase: easy | LR: 9.98e-05 | Train Loss: 0.2295 | Val Loss: 0.6439 | Val Dice: 0.7602 | Val IoU: 0.6132 | Clean Dice: 0.9236
2026-02-19 09:14:35 [INFO] New best model saved (dice=0.7602)
2026-02-19 09:14:43 [INFO] Epoch 6 [0/625] Loss: 0.2077 | Phase: medium | Scale: 0.35
2026-02-19 09:15:03 [INFO] Epoch 6 [50/625] Loss: 0.2264 | Phase: medium | Scale: 0.35
2026-02-19 09:15:24 [INFO] Epoch 6 [100/625] Loss: 0.2978 | Phase: medium | Scale: 0.35
2026-02-19 09:15:44 [INFO] Epoch 6 [150/625] Loss: 0.2202 | Phase: medium | Scale: 0.35
2026-02-19 09:16:04 [INFO] Epoch 6 [200/625] Loss: 0.2630 | Phase: medium | Scale: 0.35
2026-02-19 09:16:25 [INFO] Epoch 6 [250/625] Loss: 0.2195 | Phase: medium | Scale: 0.35
2026-02-19 09:16:45 [INFO] Epoch 6 [300/625] Loss: 0.3388 | Phase: medium | Scale: 0.35
2026-02-19 09:17:06 [INFO] Epoch 6 [350/625] Loss: 0.2331 | Phase: medium | Scale: 0.35
2026-02-19 09:17:26 [INFO] Epoch 6 [400/625] Loss: 0.2281 | Phase: medium | Scale: 0.35
2026-02-19 09:17:47 [INFO] Epoch 6 [450/625] Loss: 0.2585 | Phase: medium | Scale: 0.35
2026-02-19 09:18:07 [INFO] Epoch 6 [500/625] Loss: 0.2877 | Phase: medium | Scale: 0.35
2026-02-19 09:18:28 [INFO] Epoch 6 [550/625] Loss: 0.2212 | Phase: medium | Scale: 0.35
2026-02-19 09:18:48 [INFO] Epoch 6 [600/625] Loss: 0.2355 | Phase: medium | Scale: 0.35
2026-02-19 09:19:52 [INFO] Epoch 6/80 (316.4s) | Phase: medium | LR: 9.96e-05 | Train Loss: 0.2489 | Val Loss: 0.4323 | Val Dice: 0.8294 | Val IoU: 0.7085 | Clean Dice: 0.9190
2026-02-19 09:19:52 [INFO] New best model saved (dice=0.8294)
2026-02-19 09:19:59 [INFO] Epoch 7 [0/625] Loss: 0.2251 | Phase: medium | Scale: 0.12
2026-02-19 09:20:20 [INFO] Epoch 7 [50/625] Loss: 0.2093 | Phase: medium | Scale: 0.12
2026-02-19 09:20:40 [INFO] Epoch 7 [100/625] Loss: 0.1987 | Phase: medium | Scale: 0.12
2026-02-19 09:21:01 [INFO] Epoch 7 [150/625] Loss: 0.2160 | Phase: medium | Scale: 0.12
2026-02-19 09:21:21 [INFO] Epoch 7 [200/625] Loss: 0.2372 | Phase: medium | Scale: 0.12
2026-02-19 09:21:41 [INFO] Epoch 7 [250/625] Loss: 0.2116 | Phase: medium | Scale: 0.12
2026-02-19 09:22:02 [INFO] Epoch 7 [300/625] Loss: 0.2384 | Phase: medium | Scale: 0.12
2026-02-19 09:22:22 [INFO] Epoch 7 [350/625] Loss: 0.2111 | Phase: medium | Scale: 0.12
2026-02-19 09:22:43 [INFO] Epoch 7 [400/625] Loss: 0.1701 | Phase: medium | Scale: 0.12
2026-02-19 09:23:03 [INFO] Epoch 7 [450/625] Loss: 0.1880 | Phase: medium | Scale: 0.12
2026-02-19 09:23:24 [INFO] Epoch 7 [500/625] Loss: 0.2775 | Phase: medium | Scale: 0.12
2026-02-19 09:23:44 [INFO] Epoch 7 [550/625] Loss: 0.1856 | Phase: medium | Scale: 0.12
2026-02-19 09:24:05 [INFO] Epoch 7 [600/625] Loss: 0.2249 | Phase: medium | Scale: 0.12
2026-02-19 09:25:11 [INFO] Epoch 7/80 (318.7s) | Phase: medium | LR: 9.93e-05 | Train Loss: 0.2147 | Val Loss: 0.5010 | Val Dice: 0.7982 | Val IoU: 0.6641 | Clean Dice: 0.9237
2026-02-19 09:25:19 [INFO] Epoch 8 [0/625] Loss: 0.2498 | Phase: medium | Scale: 0.14
2026-02-19 09:25:39 [INFO] Epoch 8 [50/625] Loss: 0.2023 | Phase: medium | Scale: 0.14
2026-02-19 09:26:00 [INFO] Epoch 8 [100/625] Loss: 0.2382 | Phase: medium | Scale: 0.14
2026-02-19 09:26:21 [INFO] Epoch 8 [150/625] Loss: 0.2049 | Phase: medium | Scale: 0.14
2026-02-19 09:26:42 [INFO] Epoch 8 [200/625] Loss: 0.2109 | Phase: medium | Scale: 0.14
2026-02-19 09:27:03 [INFO] Epoch 8 [250/625] Loss: 0.1904 | Phase: medium | Scale: 0.14
2026-02-19 09:27:23 [INFO] Epoch 8 [300/625] Loss: 0.1835 | Phase: medium | Scale: 0.14
2026-02-19 09:27:44 [INFO] Epoch 8 [350/625] Loss: 0.2068 | Phase: medium | Scale: 0.14
2026-02-19 09:28:05 [INFO] Epoch 8 [400/625] Loss: 0.2416 | Phase: medium | Scale: 0.14
2026-02-19 09:28:25 [INFO] Epoch 8 [450/625] Loss: 0.2283 | Phase: medium | Scale: 0.14
2026-02-19 09:28:46 [INFO] Epoch 8 [500/625] Loss: 0.2095 | Phase: medium | Scale: 0.14
2026-02-19 09:29:06 [INFO] Epoch 8 [550/625] Loss: 0.2030 | Phase: medium | Scale: 0.14
2026-02-19 09:29:27 [INFO] Epoch 8 [600/625] Loss: 0.2203 | Phase: medium | Scale: 0.14
2026-02-19 09:30:32 [INFO] Epoch 8/80 (320.9s) | Phase: medium | LR: 9.90e-05 | Train Loss: 0.2106 | Val Loss: 0.6034 | Val Dice: 0.7815 | Val IoU: 0.6414 | Clean Dice: 0.9223
2026-02-19 09:30:40 [INFO] Epoch 9 [0/625] Loss: 0.1765 | Phase: medium | Scale: 0.15
2026-02-19 09:31:00 [INFO] Epoch 9 [50/625] Loss: 0.1993 | Phase: medium | Scale: 0.15
2026-02-19 09:31:20 [INFO] Epoch 9 [100/625] Loss: 0.1948 | Phase: medium | Scale: 0.15
2026-02-19 09:31:41 [INFO] Epoch 9 [150/625] Loss: 0.1999 | Phase: medium | Scale: 0.15
2026-02-19 09:32:01 [INFO] Epoch 9 [200/625] Loss: 0.1873 | Phase: medium | Scale: 0.15
2026-02-19 09:32:22 [INFO] Epoch 9 [250/625] Loss: 0.2095 | Phase: medium | Scale: 0.15
2026-02-19 09:32:42 [INFO] Epoch 9 [300/625] Loss: 0.2102 | Phase: medium | Scale: 0.15
2026-02-19 09:33:03 [INFO] Epoch 9 [350/625] Loss: 0.1832 | Phase: medium | Scale: 0.15
2026-02-19 09:33:23 [INFO] Epoch 9 [400/625] Loss: 0.2593 | Phase: medium | Scale: 0.15
2026-02-19 09:33:44 [INFO] Epoch 9 [450/625] Loss: 0.2208 | Phase: medium | Scale: 0.15
2026-02-19 09:34:04 [INFO] Epoch 9 [500/625] Loss: 0.2149 | Phase: medium | Scale: 0.15
2026-02-19 09:34:25 [INFO] Epoch 9 [550/625] Loss: 0.2185 | Phase: medium | Scale: 0.15
2026-02-19 09:34:45 [INFO] Epoch 9 [600/625] Loss: 0.2198 | Phase: medium | Scale: 0.15
2026-02-19 09:35:52 [INFO] Epoch 9/80 (319.1s) | Phase: medium | LR: 9.85e-05 | Train Loss: 0.2090 | Val Loss: 0.5340 | Val Dice: 0.7826 | Val IoU: 0.6429 | Clean Dice: 0.9221
2026-02-19 09:35:59 [INFO] Epoch 10 [0/625] Loss: 0.1968 | Phase: medium | Scale: 0.17
2026-02-19 09:36:19 [INFO] Epoch 10 [50/625] Loss: 0.2804 | Phase: medium | Scale: 0.17
2026-02-19 09:36:40 [INFO] Epoch 10 [100/625] Loss: 0.2387 | Phase: medium | Scale: 0.17
2026-02-19 09:37:00 [INFO] Epoch 10 [150/625] Loss: 0.2093 | Phase: medium | Scale: 0.17
2026-02-19 09:37:21 [INFO] Epoch 10 [200/625] Loss: 0.1952 | Phase: medium | Scale: 0.17
2026-02-19 09:37:41 [INFO] Epoch 10 [250/625] Loss: 0.2297 | Phase: medium | Scale: 0.17
2026-02-19 09:38:02 [INFO] Epoch 10 [300/625] Loss: 0.2261 | Phase: medium | Scale: 0.17
2026-02-19 09:38:22 [INFO] Epoch 10 [350/625] Loss: 0.1919 | Phase: medium | Scale: 0.17
2026-02-19 09:38:43 [INFO] Epoch 10 [400/625] Loss: 0.2621 | Phase: medium | Scale: 0.17
2026-02-19 09:39:03 [INFO] Epoch 10 [450/625] Loss: 0.2583 | Phase: medium | Scale: 0.17
2026-02-19 09:39:24 [INFO] Epoch 10 [500/625] Loss: 0.2389 | Phase: medium | Scale: 0.17
2026-02-19 09:39:44 [INFO] Epoch 10 [550/625] Loss: 0.1784 | Phase: medium | Scale: 0.17
2026-02-19 09:40:04 [INFO] Epoch 10 [600/625] Loss: 0.2188 | Phase: medium | Scale: 0.17
2026-02-19 09:41:11 [INFO] Epoch 10/80 (319.0s) | Phase: medium | LR: 9.80e-05 | Train Loss: 0.2071 | Val Loss: 0.5104 | Val Dice: 0.8038 | Val IoU: 0.6720 | Clean Dice: 0.9252
2026-02-19 09:41:19 [INFO] Epoch 11 [0/625] Loss: 0.1868 | Phase: medium | Scale: 0.19
2026-02-19 09:41:39 [INFO] Epoch 11 [50/625] Loss: 0.2321 | Phase: medium | Scale: 0.19
2026-02-19 09:41:59 [INFO] Epoch 11 [100/625] Loss: 0.1812 | Phase: medium | Scale: 0.19
2026-02-19 09:42:20 [INFO] Epoch 11 [150/625] Loss: 0.2177 | Phase: medium | Scale: 0.19
2026-02-19 09:42:40 [INFO] Epoch 11 [200/625] Loss: 0.2062 | Phase: medium | Scale: 0.19
2026-02-19 09:43:01 [INFO] Epoch 11 [250/625] Loss: 0.2335 | Phase: medium | Scale: 0.19
2026-02-19 09:43:21 [INFO] Epoch 11 [300/625] Loss: 0.2017 | Phase: medium | Scale: 0.19
2026-02-19 09:43:42 [INFO] Epoch 11 [350/625] Loss: 0.2091 | Phase: medium | Scale: 0.19
2026-02-19 09:44:02 [INFO] Epoch 11 [400/625] Loss: 0.2096 | Phase: medium | Scale: 0.19
2026-02-19 09:44:23 [INFO] Epoch 11 [450/625] Loss: 0.2100 | Phase: medium | Scale: 0.19
2026-02-19 09:44:43 [INFO] Epoch 11 [500/625] Loss: 0.2263 | Phase: medium | Scale: 0.19
2026-02-19 09:45:04 [INFO] Epoch 11 [550/625] Loss: 0.1668 | Phase: medium | Scale: 0.19
2026-02-19 09:45:24 [INFO] Epoch 11 [600/625] Loss: 0.2000 | Phase: medium | Scale: 0.19
2026-02-19 09:46:29 [INFO] Epoch 11/80 (317.0s) | Phase: medium | LR: 9.74e-05 | Train Loss: 0.2067 | Val Loss: 0.4750 | Val Dice: 0.8279 | Val IoU: 0.7064 | Clean Dice: 0.9256
2026-02-19 09:46:36 [INFO] Epoch 12 [0/625] Loss: 0.1683 | Phase: medium | Scale: 0.21
2026-02-19 09:46:56 [INFO] Epoch 12 [50/625] Loss: 0.2041 | Phase: medium | Scale: 0.21
2026-02-19 09:47:17 [INFO] Epoch 12 [100/625] Loss: 0.2023 | Phase: medium | Scale: 0.21
2026-02-19 09:47:37 [INFO] Epoch 12 [150/625] Loss: 0.2067 | Phase: medium | Scale: 0.21
2026-02-19 09:47:58 [INFO] Epoch 12 [200/625] Loss: 0.2056 | Phase: medium | Scale: 0.21
2026-02-19 09:48:18 [INFO] Epoch 12 [250/625] Loss: 0.2298 | Phase: medium | Scale: 0.21
2026-02-19 09:48:39 [INFO] Epoch 12 [300/625] Loss: 0.2052 | Phase: medium | Scale: 0.21
2026-02-19 09:48:59 [INFO] Epoch 12 [350/625] Loss: 0.1974 | Phase: medium | Scale: 0.21
2026-02-19 09:49:20 [INFO] Epoch 12 [400/625] Loss: 0.2132 | Phase: medium | Scale: 0.21
2026-02-19 09:49:40 [INFO] Epoch 12 [450/625] Loss: 0.1936 | Phase: medium | Scale: 0.21
2026-02-19 09:50:00 [INFO] Epoch 12 [500/625] Loss: 0.2150 | Phase: medium | Scale: 0.21
2026-02-19 09:50:20 [INFO] Epoch 12 [550/625] Loss: 0.2131 | Phase: medium | Scale: 0.21
2026-02-19 09:50:40 [INFO] Epoch 12 [600/625] Loss: 0.1781 | Phase: medium | Scale: 0.21
2026-02-19 09:51:44 [INFO] Epoch 12/80 (315.4s) | Phase: medium | LR: 9.67e-05 | Train Loss: 0.2056 | Val Loss: 0.4936 | Val Dice: 0.8086 | Val IoU: 0.6787 | Clean Dice: 0.9253
2026-02-19 09:51:52 [INFO] Epoch 13 [0/625] Loss: 0.1663 | Phase: medium | Scale: 0.22
2026-02-19 09:52:12 [INFO] Epoch 13 [50/625] Loss: 0.1685 | Phase: medium | Scale: 0.22
2026-02-19 09:52:32 [INFO] Epoch 13 [100/625] Loss: 0.2349 | Phase: medium | Scale: 0.22
2026-02-19 09:52:52 [INFO] Epoch 13 [150/625] Loss: 0.1971 | Phase: medium | Scale: 0.22
2026-02-19 09:53:12 [INFO] Epoch 13 [200/625] Loss: 0.1902 | Phase: medium | Scale: 0.22
2026-02-19 09:53:32 [INFO] Epoch 13 [250/625] Loss: 0.2355 | Phase: medium | Scale: 0.22
2026-02-19 09:53:52 [INFO] Epoch 13 [300/625] Loss: 0.1994 | Phase: medium | Scale: 0.22
2026-02-19 09:54:12 [INFO] Epoch 13 [350/625] Loss: 0.2223 | Phase: medium | Scale: 0.22
2026-02-19 09:54:32 [INFO] Epoch 13 [400/625] Loss: 0.1956 | Phase: medium | Scale: 0.22
2026-02-19 09:54:52 [INFO] Epoch 13 [450/625] Loss: 0.1721 | Phase: medium | Scale: 0.22
2026-02-19 09:55:12 [INFO] Epoch 13 [500/625] Loss: 0.2234 | Phase: medium | Scale: 0.22
2026-02-19 09:55:32 [INFO] Epoch 13 [550/625] Loss: 0.2112 | Phase: medium | Scale: 0.22
2026-02-19 09:55:52 [INFO] Epoch 13 [600/625] Loss: 0.2061 | Phase: medium | Scale: 0.22
2026-02-19 09:56:56 [INFO] Epoch 13/80 (311.4s) | Phase: medium | LR: 9.59e-05 | Train Loss: 0.2055 | Val Loss: 0.4554 | Val Dice: 0.8221 | Val IoU: 0.6980 | Clean Dice: 0.9259
2026-02-19 09:57:03 [INFO] Epoch 14 [0/625] Loss: 0.2114 | Phase: medium | Scale: 0.24
2026-02-19 09:57:23 [INFO] Epoch 14 [50/625] Loss: 0.1891 | Phase: medium | Scale: 0.24
2026-02-19 09:57:43 [INFO] Epoch 14 [100/625] Loss: 0.2192 | Phase: medium | Scale: 0.24
2026-02-19 09:58:03 [INFO] Epoch 14 [150/625] Loss: 0.2355 | Phase: medium | Scale: 0.24
2026-02-19 09:58:23 [INFO] Epoch 14 [200/625] Loss: 0.2053 | Phase: medium | Scale: 0.24
2026-02-19 09:58:43 [INFO] Epoch 14 [250/625] Loss: 0.2154 | Phase: medium | Scale: 0.24
2026-02-19 09:59:03 [INFO] Epoch 14 [300/625] Loss: 0.2214 | Phase: medium | Scale: 0.24
2026-02-19 09:59:23 [INFO] Epoch 14 [350/625] Loss: 0.1871 | Phase: medium | Scale: 0.24
2026-02-19 09:59:43 [INFO] Epoch 14 [400/625] Loss: 0.1915 | Phase: medium | Scale: 0.24
2026-02-19 10:00:03 [INFO] Epoch 14 [450/625] Loss: 0.2824 | Phase: medium | Scale: 0.24
2026-02-19 10:00:24 [INFO] Epoch 14 [500/625] Loss: 0.2211 | Phase: medium | Scale: 0.24
2026-02-19 10:00:44 [INFO] Epoch 14 [550/625] Loss: 0.2576 | Phase: medium | Scale: 0.24
2026-02-19 10:01:04 [INFO] Epoch 14 [600/625] Loss: 0.2271 | Phase: medium | Scale: 0.24
2026-02-19 10:02:08 [INFO] Epoch 14/80 (311.4s) | Phase: medium | LR: 9.50e-05 | Train Loss: 0.2054 | Val Loss: 0.4661 | Val Dice: 0.8255 | Val IoU: 0.7028 | Clean Dice: 0.9250
2026-02-19 10:02:15 [INFO] Epoch 15 [0/625] Loss: 0.1766 | Phase: medium | Scale: 0.26
2026-02-19 10:02:35 [INFO] Epoch 15 [50/625] Loss: 0.1940 | Phase: medium | Scale: 0.26
2026-02-19 10:02:55 [INFO] Epoch 15 [100/625] Loss: 0.2072 | Phase: medium | Scale: 0.26
2026-02-19 10:03:15 [INFO] Epoch 15 [150/625] Loss: 0.2085 | Phase: medium | Scale: 0.26
2026-02-19 10:03:35 [INFO] Epoch 15 [200/625] Loss: 0.2337 | Phase: medium | Scale: 0.26
2026-02-19 10:03:55 [INFO] Epoch 15 [250/625] Loss: 0.1964 | Phase: medium | Scale: 0.26
2026-02-19 10:04:15 [INFO] Epoch 15 [300/625] Loss: 0.2283 | Phase: medium | Scale: 0.26
2026-02-19 10:04:35 [INFO] Epoch 15 [350/625] Loss: 0.1810 | Phase: medium | Scale: 0.26
2026-02-19 10:04:55 [INFO] Epoch 15 [400/625] Loss: 0.2218 | Phase: medium | Scale: 0.26
2026-02-19 10:05:15 [INFO] Epoch 15 [450/625] Loss: 0.1736 | Phase: medium | Scale: 0.26
2026-02-19 10:05:35 [INFO] Epoch 15 [500/625] Loss: 0.1757 | Phase: medium | Scale: 0.26
2026-02-19 10:05:55 [INFO] Epoch 15 [550/625] Loss: 0.2060 | Phase: medium | Scale: 0.26
2026-02-19 10:06:15 [INFO] Epoch 15 [600/625] Loss: 0.1749 | Phase: medium | Scale: 0.26
2026-02-19 10:07:20 [INFO] Epoch 15/80 (311.9s) | Phase: medium | LR: 9.41e-05 | Train Loss: 0.2056 | Val Loss: 0.5305 | Val Dice: 0.7863 | Val IoU: 0.6478 | Clean Dice: 0.9260
2026-02-19 10:07:28 [INFO] Epoch 16 [0/625] Loss: 0.1997 | Phase: medium | Scale: 0.28
2026-02-19 10:07:48 [INFO] Epoch 16 [50/625] Loss: 0.1997 | Phase: medium | Scale: 0.28
2026-02-19 10:08:08 [INFO] Epoch 16 [100/625] Loss: 0.1981 | Phase: medium | Scale: 0.28
2026-02-19 10:08:28 [INFO] Epoch 16 [150/625] Loss: 0.1838 | Phase: medium | Scale: 0.28
2026-02-19 10:08:48 [INFO] Epoch 16 [200/625] Loss: 0.2328 | Phase: medium | Scale: 0.28
2026-02-19 10:09:08 [INFO] Epoch 16 [250/625] Loss: 0.2058 | Phase: medium | Scale: 0.28
2026-02-19 10:09:28 [INFO] Epoch 16 [300/625] Loss: 0.1716 | Phase: medium | Scale: 0.28
2026-02-19 10:09:48 [INFO] Epoch 16 [350/625] Loss: 0.2001 | Phase: medium | Scale: 0.28
2026-02-19 10:10:08 [INFO] Epoch 16 [400/625] Loss: 0.2160 | Phase: medium | Scale: 0.28
2026-02-19 10:10:28 [INFO] Epoch 16 [450/625] Loss: 0.1881 | Phase: medium | Scale: 0.28
2026-02-19 10:10:48 [INFO] Epoch 16 [500/625] Loss: 0.2300 | Phase: medium | Scale: 0.28
2026-02-19 10:11:08 [INFO] Epoch 16 [550/625] Loss: 0.2307 | Phase: medium | Scale: 0.28
2026-02-19 10:11:28 [INFO] Epoch 16 [600/625] Loss: 0.1966 | Phase: medium | Scale: 0.28
2026-02-19 10:12:31 [INFO] Epoch 16/80 (310.6s) | Phase: medium | LR: 9.31e-05 | Train Loss: 0.2069 | Val Loss: 0.3663 | Val Dice: 0.8542 | Val IoU: 0.7455 | Clean Dice: 0.9251
2026-02-19 10:12:32 [INFO] New best model saved (dice=0.8542)
2026-02-19 10:12:39 [INFO] Epoch 17 [0/625] Loss: 0.1988 | Phase: medium | Scale: 0.30
2026-02-19 10:12:59 [INFO] Epoch 17 [50/625] Loss: 0.1831 | Phase: medium | Scale: 0.30
2026-02-19 10:13:19 [INFO] Epoch 17 [100/625] Loss: 0.2154 | Phase: medium | Scale: 0.30
2026-02-19 10:13:39 [INFO] Epoch 17 [150/625] Loss: 0.2228 | Phase: medium | Scale: 0.30
2026-02-19 10:13:59 [INFO] Epoch 17 [200/625] Loss: 0.1895 | Phase: medium | Scale: 0.30
2026-02-19 10:14:19 [INFO] Epoch 17 [250/625] Loss: 0.1852 | Phase: medium | Scale: 0.30
2026-02-19 10:14:39 [INFO] Epoch 17 [300/625] Loss: 0.1949 | Phase: medium | Scale: 0.30
2026-02-19 10:14:59 [INFO] Epoch 17 [350/625] Loss: 0.2310 | Phase: medium | Scale: 0.30
2026-02-19 10:15:19 [INFO] Epoch 17 [400/625] Loss: 0.1936 | Phase: medium | Scale: 0.30
2026-02-19 10:15:39 [INFO] Epoch 17 [450/625] Loss: 0.1949 | Phase: medium | Scale: 0.30
2026-02-19 10:15:59 [INFO] Epoch 17 [500/625] Loss: 0.2138 | Phase: medium | Scale: 0.30
2026-02-19 10:16:19 [INFO] Epoch 17 [550/625] Loss: 0.1971 | Phase: medium | Scale: 0.30
2026-02-19 10:16:39 [INFO] Epoch 17 [600/625] Loss: 0.2414 | Phase: medium | Scale: 0.30
2026-02-19 10:17:44 [INFO] Epoch 17/80 (312.2s) | Phase: medium | LR: 9.21e-05 | Train Loss: 0.2052 | Val Loss: 0.3836 | Val Dice: 0.8498 | Val IoU: 0.7389 | Clean Dice: 0.9214
2026-02-19 10:17:52 [INFO] Epoch 18 [0/625] Loss: 0.2357 | Phase: medium | Scale: 0.31
2026-02-19 10:18:12 [INFO] Epoch 18 [50/625] Loss: 0.1814 | Phase: medium | Scale: 0.31
2026-02-19 10:18:32 [INFO] Epoch 18 [100/625] Loss: 0.1958 | Phase: medium | Scale: 0.31
2026-02-19 10:18:52 [INFO] Epoch 18 [150/625] Loss: 0.2188 | Phase: medium | Scale: 0.31
2026-02-19 10:19:12 [INFO] Epoch 18 [200/625] Loss: 0.2248 | Phase: medium | Scale: 0.31
2026-02-19 10:19:32 [INFO] Epoch 18 [250/625] Loss: 0.1957 | Phase: medium | Scale: 0.31
2026-02-19 10:19:52 [INFO] Epoch 18 [300/625] Loss: 0.2738 | Phase: medium | Scale: 0.31
2026-02-19 10:20:12 [INFO] Epoch 18 [350/625] Loss: 0.1681 | Phase: medium | Scale: 0.31
2026-02-19 10:20:32 [INFO] Epoch 18 [400/625] Loss: 0.1758 | Phase: medium | Scale: 0.31
2026-02-19 10:20:52 [INFO] Epoch 18 [450/625] Loss: 0.1763 | Phase: medium | Scale: 0.31
2026-02-19 10:21:12 [INFO] Epoch 18 [500/625] Loss: 0.2267 | Phase: medium | Scale: 0.31
2026-02-19 10:21:32 [INFO] Epoch 18 [550/625] Loss: 0.1824 | Phase: medium | Scale: 0.31
2026-02-19 10:21:52 [INFO] Epoch 18 [600/625] Loss: 0.2345 | Phase: medium | Scale: 0.31
2026-02-19 10:22:55 [INFO] Epoch 18/80 (310.9s) | Phase: medium | LR: 9.09e-05 | Train Loss: 0.2053 | Val Loss: 0.3774 | Val Dice: 0.8547 | Val IoU: 0.7463 | Clean Dice: 0.9256
2026-02-19 10:23:03 [INFO] Epoch 19 [0/625] Loss: 0.2073 | Phase: medium | Scale: 0.33
2026-02-19 10:23:23 [INFO] Epoch 19 [50/625] Loss: 0.1937 | Phase: medium | Scale: 0.33
2026-02-19 10:23:43 [INFO] Epoch 19 [100/625] Loss: 0.2235 | Phase: medium | Scale: 0.33
2026-02-19 10:24:03 [INFO] Epoch 19 [150/625] Loss: 0.1913 | Phase: medium | Scale: 0.33
2026-02-19 10:24:23 [INFO] Epoch 19 [200/625] Loss: 0.2030 | Phase: medium | Scale: 0.33
2026-02-19 10:24:43 [INFO] Epoch 19 [250/625] Loss: 0.1674 | Phase: medium | Scale: 0.33
2026-02-19 10:25:03 [INFO] Epoch 19 [300/625] Loss: 0.2397 | Phase: medium | Scale: 0.33
2026-02-19 10:25:23 [INFO] Epoch 19 [350/625] Loss: 0.2047 | Phase: medium | Scale: 0.33
2026-02-19 10:25:43 [INFO] Epoch 19 [400/625] Loss: 0.2080 | Phase: medium | Scale: 0.33
2026-02-19 10:26:03 [INFO] Epoch 19 [450/625] Loss: 0.2130 | Phase: medium | Scale: 0.33
2026-02-19 10:26:23 [INFO] Epoch 19 [500/625] Loss: 0.2555 | Phase: medium | Scale: 0.33
2026-02-19 10:26:43 [INFO] Epoch 19 [550/625] Loss: 0.1900 | Phase: medium | Scale: 0.33
2026-02-19 10:27:03 [INFO] Epoch 19 [600/625] Loss: 0.2175 | Phase: medium | Scale: 0.33
2026-02-19 10:28:07 [INFO] Epoch 19/80 (311.9s) | Phase: medium | LR: 8.97e-05 | Train Loss: 0.2064 | Val Loss: 0.4485 | Val Dice: 0.8185 | Val IoU: 0.6927 | Clean Dice: 0.9254
2026-02-19 10:28:15 [INFO] Epoch 20 [0/625] Loss: 0.1881 | Phase: medium | Scale: 0.35
2026-02-19 10:28:35 [INFO] Epoch 20 [50/625] Loss: 0.1863 | Phase: medium | Scale: 0.35
2026-02-19 10:28:55 [INFO] Epoch 20 [100/625] Loss: 0.2498 | Phase: medium | Scale: 0.35
2026-02-19 10:29:15 [INFO] Epoch 20 [150/625] Loss: 0.1937 | Phase: medium | Scale: 0.35
2026-02-19 10:29:35 [INFO] Epoch 20 [200/625] Loss: 0.2020 | Phase: medium | Scale: 0.35
2026-02-19 10:29:55 [INFO] Epoch 20 [250/625] Loss: 0.1644 | Phase: medium | Scale: 0.35
2026-02-19 10:30:15 [INFO] Epoch 20 [300/625] Loss: 0.2114 | Phase: medium | Scale: 0.35
2026-02-19 10:30:35 [INFO] Epoch 20 [350/625] Loss: 0.2361 | Phase: medium | Scale: 0.35
2026-02-19 10:30:55 [INFO] Epoch 20 [400/625] Loss: 0.2026 | Phase: medium | Scale: 0.35
2026-02-19 10:31:15 [INFO] Epoch 20 [450/625] Loss: 0.1810 | Phase: medium | Scale: 0.35
2026-02-19 10:31:35 [INFO] Epoch 20 [500/625] Loss: 0.2155 | Phase: medium | Scale: 0.35
2026-02-19 10:31:55 [INFO] Epoch 20 [550/625] Loss: 0.1955 | Phase: medium | Scale: 0.35
2026-02-19 10:32:15 [INFO] Epoch 20 [600/625] Loss: 0.2070 | Phase: medium | Scale: 0.35
2026-02-19 10:33:19 [INFO] Epoch 20/80 (311.2s) | Phase: medium | LR: 8.84e-05 | Train Loss: 0.2095 | Val Loss: 0.5408 | Val Dice: 0.7837 | Val IoU: 0.6443 | Clean Dice: 0.9264
2026-02-19 10:33:27 [INFO] Epoch 21 [0/625] Loss: 0.2223 | Phase: hard | Scale: 0.70
2026-02-19 10:33:47 [INFO] Epoch 21 [50/625] Loss: 0.3298 | Phase: hard | Scale: 0.70
2026-02-19 10:34:07 [INFO] Epoch 21 [100/625] Loss: 0.3754 | Phase: hard | Scale: 0.70
2026-02-19 10:34:27 [INFO] Epoch 21 [150/625] Loss: 0.2694 | Phase: hard | Scale: 0.70
2026-02-19 10:34:47 [INFO] Epoch 21 [200/625] Loss: 0.4969 | Phase: hard | Scale: 0.70
2026-02-19 10:35:07 [INFO] Epoch 21 [250/625] Loss: 0.4805 | Phase: hard | Scale: 0.70
2026-02-19 10:35:27 [INFO] Epoch 21 [300/625] Loss: 0.2283 | Phase: hard | Scale: 0.70
2026-02-19 10:35:47 [INFO] Epoch 21 [350/625] Loss: 0.3911 | Phase: hard | Scale: 0.70
2026-02-19 10:36:07 [INFO] Epoch 21 [400/625] Loss: 0.2630 | Phase: hard | Scale: 0.70
2026-02-19 10:36:27 [INFO] Epoch 21 [450/625] Loss: 0.2156 | Phase: hard | Scale: 0.70
2026-02-19 10:36:47 [INFO] Epoch 21 [500/625] Loss: 0.1983 | Phase: hard | Scale: 0.70
2026-02-19 10:37:07 [INFO] Epoch 21 [550/625] Loss: 0.3849 | Phase: hard | Scale: 0.70
2026-02-19 10:37:27 [INFO] Epoch 21 [600/625] Loss: 0.3323 | Phase: hard | Scale: 0.70
2026-02-19 10:38:29 [INFO] Epoch 21/80 (309.5s) | Phase: hard | LR: 8.71e-05 | Train Loss: 0.2957 | Val Loss: 0.3533 | Val Dice: 0.8654 | Val IoU: 0.7627 | Clean Dice: 0.9263
2026-02-19 10:38:30 [INFO] New best model saved (dice=0.8654)
2026-02-19 10:38:37 [INFO] Epoch 22 [0/625] Loss: 0.2488 | Phase: hard | Scale: 0.36
2026-02-19 10:38:57 [INFO] Epoch 22 [50/625] Loss: 0.2422 | Phase: hard | Scale: 0.36
2026-02-19 10:39:17 [INFO] Epoch 22 [100/625] Loss: 0.2500 | Phase: hard | Scale: 0.36
2026-02-19 10:39:37 [INFO] Epoch 22 [150/625] Loss: 0.1946 | Phase: hard | Scale: 0.36
2026-02-19 10:39:57 [INFO] Epoch 22 [200/625] Loss: 0.2517 | Phase: hard | Scale: 0.36
2026-02-19 10:40:17 [INFO] Epoch 22 [250/625] Loss: 0.2314 | Phase: hard | Scale: 0.36
2026-02-19 10:40:37 [INFO] Epoch 22 [300/625] Loss: 0.2884 | Phase: hard | Scale: 0.36
2026-02-19 10:40:57 [INFO] Epoch 22 [350/625] Loss: 0.2062 | Phase: hard | Scale: 0.36
2026-02-19 10:41:17 [INFO] Epoch 22 [400/625] Loss: 0.3809 | Phase: hard | Scale: 0.36
2026-02-19 10:41:37 [INFO] Epoch 22 [450/625] Loss: 0.1873 | Phase: hard | Scale: 0.36
2026-02-19 10:41:57 [INFO] Epoch 22 [500/625] Loss: 0.2281 | Phase: hard | Scale: 0.36
2026-02-19 10:42:17 [INFO] Epoch 22 [550/625] Loss: 0.2526 | Phase: hard | Scale: 0.36
2026-02-19 10:42:37 [INFO] Epoch 22 [600/625] Loss: 0.2307 | Phase: hard | Scale: 0.36
2026-02-19 10:43:39 [INFO] Epoch 22/80 (309.2s) | Phase: hard | LR: 8.57e-05 | Train Loss: 0.2280 | Val Loss: 0.3487 | Val Dice: 0.8692 | Val IoU: 0.7686 | Clean Dice: 0.9268
2026-02-19 10:43:40 [INFO] New best model saved (dice=0.8692)
2026-02-19 10:43:47 [INFO] Epoch 23 [0/625] Loss: 0.2647 | Phase: hard | Scale: 0.38
2026-02-19 10:44:07 [INFO] Epoch 23 [50/625] Loss: 0.2260 | Phase: hard | Scale: 0.38
2026-02-19 10:44:27 [INFO] Epoch 23 [100/625] Loss: 0.2173 | Phase: hard | Scale: 0.38
2026-02-19 10:44:47 [INFO] Epoch 23 [150/625] Loss: 0.2086 | Phase: hard | Scale: 0.38
2026-02-19 10:45:07 [INFO] Epoch 23 [200/625] Loss: 0.2602 | Phase: hard | Scale: 0.38
2026-02-19 10:45:27 [INFO] Epoch 23 [250/625] Loss: 0.2378 | Phase: hard | Scale: 0.38
2026-02-19 10:45:47 [INFO] Epoch 23 [300/625] Loss: 0.2610 | Phase: hard | Scale: 0.38
2026-02-19 10:46:07 [INFO] Epoch 23 [350/625] Loss: 0.2357 | Phase: hard | Scale: 0.38
2026-02-19 10:46:27 [INFO] Epoch 23 [400/625] Loss: 0.2832 | Phase: hard | Scale: 0.38
2026-02-19 10:46:47 [INFO] Epoch 23 [450/625] Loss: 0.2349 | Phase: hard | Scale: 0.38
2026-02-19 10:47:07 [INFO] Epoch 23 [500/625] Loss: 0.2523 | Phase: hard | Scale: 0.38
2026-02-19 10:47:27 [INFO] Epoch 23 [550/625] Loss: 0.2167 | Phase: hard | Scale: 0.38
2026-02-19 10:47:47 [INFO] Epoch 23 [600/625] Loss: 0.3239 | Phase: hard | Scale: 0.38
2026-02-19 10:48:50 [INFO] Epoch 23/80 (310.2s) | Phase: hard | LR: 8.43e-05 | Train Loss: 0.2381 | Val Loss: 0.4058 | Val Dice: 0.8456 | Val IoU: 0.7324 | Clean Dice: 0.9269
2026-02-19 10:48:57 [INFO] Epoch 24 [0/625] Loss: 0.3225 | Phase: hard | Scale: 0.39
2026-02-19 10:49:17 [INFO] Epoch 24 [50/625] Loss: 0.2247 | Phase: hard | Scale: 0.39
2026-02-19 10:49:37 [INFO] Epoch 24 [100/625] Loss: 0.2422 | Phase: hard | Scale: 0.39
2026-02-19 10:49:57 [INFO] Epoch 24 [150/625] Loss: 0.2357 | Phase: hard | Scale: 0.39
2026-02-19 10:50:17 [INFO] Epoch 24 [200/625] Loss: 0.2491 | Phase: hard | Scale: 0.39
2026-02-19 10:50:37 [INFO] Epoch 24 [250/625] Loss: 0.2437 | Phase: hard | Scale: 0.39
2026-02-19 10:50:57 [INFO] Epoch 24 [300/625] Loss: 0.3070 | Phase: hard | Scale: 0.39
2026-02-19 10:51:17 [INFO] Epoch 24 [350/625] Loss: 0.2302 | Phase: hard | Scale: 0.39
2026-02-19 10:51:37 [INFO] Epoch 24 [400/625] Loss: 0.2740 | Phase: hard | Scale: 0.39
2026-02-19 10:51:57 [INFO] Epoch 24 [450/625] Loss: 0.2294 | Phase: hard | Scale: 0.39
2026-02-19 10:52:17 [INFO] Epoch 24 [500/625] Loss: 0.2235 | Phase: hard | Scale: 0.39
2026-02-19 10:52:37 [INFO] Epoch 24 [550/625] Loss: 0.2449 | Phase: hard | Scale: 0.39
2026-02-19 10:52:57 [INFO] Epoch 24 [600/625] Loss: 0.2030 | Phase: hard | Scale: 0.39
2026-02-19 10:53:59 [INFO] Epoch 24/80 (309.0s) | Phase: hard | LR: 8.27e-05 | Train Loss: 0.2474 | Val Loss: 0.3642 | Val Dice: 0.8702 | Val IoU: 0.7703 | Clean Dice: 0.9230
2026-02-19 10:54:00 [INFO] New best model saved (dice=0.8702)
2026-02-19 10:54:07 [INFO] Epoch 25 [0/625] Loss: 0.2704 | Phase: hard | Scale: 0.41
2026-02-19 10:54:27 [INFO] Epoch 25 [50/625] Loss: 0.2337 | Phase: hard | Scale: 0.41
2026-02-19 10:54:47 [INFO] Epoch 25 [100/625] Loss: 0.2227 | Phase: hard | Scale: 0.41
2026-02-19 10:55:07 [INFO] Epoch 25 [150/625] Loss: 0.2303 | Phase: hard | Scale: 0.41
2026-02-19 10:55:27 [INFO] Epoch 25 [200/625] Loss: 0.2278 | Phase: hard | Scale: 0.41
2026-02-19 10:55:47 [INFO] Epoch 25 [250/625] Loss: 0.2333 | Phase: hard | Scale: 0.41
2026-02-19 10:56:07 [INFO] Epoch 25 [300/625] Loss: 0.2273 | Phase: hard | Scale: 0.41
2026-02-19 10:56:27 [INFO] Epoch 25 [350/625] Loss: 0.2398 | Phase: hard | Scale: 0.41
2026-02-19 10:56:47 [INFO] Epoch 25 [400/625] Loss: 0.2954 | Phase: hard | Scale: 0.41
2026-02-19 10:57:07 [INFO] Epoch 25 [450/625] Loss: 0.2334 | Phase: hard | Scale: 0.41
2026-02-19 10:57:27 [INFO] Epoch 25 [500/625] Loss: 0.2748 | Phase: hard | Scale: 0.41
2026-02-19 10:57:47 [INFO] Epoch 25 [550/625] Loss: 0.2673 | Phase: hard | Scale: 0.41
2026-02-19 10:58:07 [INFO] Epoch 25 [600/625] Loss: 0.2446 | Phase: hard | Scale: 0.41
2026-02-19 10:59:10 [INFO] Epoch 25/80 (310.1s) | Phase: hard | LR: 8.12e-05 | Train Loss: 0.2557 | Val Loss: 0.4123 | Val Dice: 0.8507 | Val IoU: 0.7403 | Clean Dice: 0.9258
2026-02-19 10:59:18 [INFO] Epoch 26 [0/625] Loss: 0.3522 | Phase: hard | Scale: 0.42
2026-02-19 10:59:38 [INFO] Epoch 26 [50/625] Loss: 0.2219 | Phase: hard | Scale: 0.42
2026-02-19 10:59:58 [INFO] Epoch 26 [100/625] Loss: 0.2613 | Phase: hard | Scale: 0.42
2026-02-19 11:00:18 [INFO] Epoch 26 [150/625] Loss: 0.2600 | Phase: hard | Scale: 0.42
2026-02-19 11:00:38 [INFO] Epoch 26 [200/625] Loss: 0.2642 | Phase: hard | Scale: 0.42
2026-02-19 11:00:58 [INFO] Epoch 26 [250/625] Loss: 0.2524 | Phase: hard | Scale: 0.42
2026-02-19 11:01:18 [INFO] Epoch 26 [300/625] Loss: 0.3203 | Phase: hard | Scale: 0.42
2026-02-19 11:01:38 [INFO] Epoch 26 [350/625] Loss: 0.2699 | Phase: hard | Scale: 0.42
2026-02-19 11:01:58 [INFO] Epoch 26 [400/625] Loss: 0.2853 | Phase: hard | Scale: 0.42
2026-02-19 11:02:18 [INFO] Epoch 26 [450/625] Loss: 0.2802 | Phase: hard | Scale: 0.42
2026-02-19 11:02:38 [INFO] Epoch 26 [500/625] Loss: 0.2943 | Phase: hard | Scale: 0.42
2026-02-19 11:02:58 [INFO] Epoch 26 [550/625] Loss: 0.2311 | Phase: hard | Scale: 0.42
2026-02-19 11:03:18 [INFO] Epoch 26 [600/625] Loss: 0.2315 | Phase: hard | Scale: 0.42
2026-02-19 11:04:20 [INFO] Epoch 26/80 (309.3s) | Phase: hard | LR: 7.96e-05 | Train Loss: 0.2659 | Val Loss: 0.3941 | Val Dice: 0.8662 | Val IoU: 0.7639 | Clean Dice: 0.9257
2026-02-19 11:04:27 [INFO] Epoch 27 [0/625] Loss: 0.2563 | Phase: hard | Scale: 0.44
2026-02-19 11:04:47 [INFO] Epoch 27 [50/625] Loss: 0.2590 | Phase: hard | Scale: 0.44
2026-02-19 11:05:07 [INFO] Epoch 27 [100/625] Loss: 0.2758 | Phase: hard | Scale: 0.44
2026-02-19 11:05:27 [INFO] Epoch 27 [150/625] Loss: 0.2798 | Phase: hard | Scale: 0.44
2026-02-19 11:05:47 [INFO] Epoch 27 [200/625] Loss: 0.2956 | Phase: hard | Scale: 0.44
2026-02-19 11:06:07 [INFO] Epoch 27 [250/625] Loss: 0.2478 | Phase: hard | Scale: 0.44
2026-02-19 11:06:27 [INFO] Epoch 27 [300/625] Loss: 0.2507 | Phase: hard | Scale: 0.44
2026-02-19 11:06:47 [INFO] Epoch 27 [350/625] Loss: 0.2667 | Phase: hard | Scale: 0.44
2026-02-19 11:07:07 [INFO] Epoch 27 [400/625] Loss: 0.3621 | Phase: hard | Scale: 0.44
2026-02-19 11:07:27 [INFO] Epoch 27 [450/625] Loss: 0.2650 | Phase: hard | Scale: 0.44
2026-02-19 11:07:47 [INFO] Epoch 27 [500/625] Loss: 0.2513 | Phase: hard | Scale: 0.44
2026-02-19 11:08:07 [INFO] Epoch 27 [550/625] Loss: 0.2630 | Phase: hard | Scale: 0.44
2026-02-19 11:08:27 [INFO] Epoch 27 [600/625] Loss: 0.2874 | Phase: hard | Scale: 0.44
2026-02-19 11:09:30 [INFO] Epoch 27/80 (310.3s) | Phase: hard | LR: 7.79e-05 | Train Loss: 0.2771 | Val Loss: 0.4218 | Val Dice: 0.8554 | Val IoU: 0.7474 | Clean Dice: 0.9274
2026-02-19 11:09:38 [INFO] Epoch 28 [0/625] Loss: 0.3516 | Phase: hard | Scale: 0.45
2026-02-19 11:09:58 [INFO] Epoch 28 [50/625] Loss: 0.2542 | Phase: hard | Scale: 0.45
2026-02-19 11:10:18 [INFO] Epoch 28 [100/625] Loss: 0.3245 | Phase: hard | Scale: 0.45
2026-02-19 11:10:38 [INFO] Epoch 28 [150/625] Loss: 0.2915 | Phase: hard | Scale: 0.45
2026-02-19 11:10:58 [INFO] Epoch 28 [200/625] Loss: 0.2820 | Phase: hard | Scale: 0.45
2026-02-19 11:11:18 [INFO] Epoch 28 [250/625] Loss: 0.2572 | Phase: hard | Scale: 0.45
2026-02-19 11:11:38 [INFO] Epoch 28 [300/625] Loss: 0.3471 | Phase: hard | Scale: 0.45
2026-02-19 11:11:58 [INFO] Epoch 28 [350/625] Loss: 0.2930 | Phase: hard | Scale: 0.45
2026-02-19 11:12:18 [INFO] Epoch 28 [400/625] Loss: 0.2505 | Phase: hard | Scale: 0.45
2026-02-19 11:12:38 [INFO] Epoch 28 [450/625] Loss: 0.2635 | Phase: hard | Scale: 0.45
2026-02-19 11:12:58 [INFO] Epoch 28 [500/625] Loss: 0.3014 | Phase: hard | Scale: 0.45
2026-02-19 11:13:18 [INFO] Epoch 28 [550/625] Loss: 0.2535 | Phase: hard | Scale: 0.45
2026-02-19 11:13:38 [INFO] Epoch 28 [600/625] Loss: 0.2748 | Phase: hard | Scale: 0.45
2026-02-19 11:14:41 [INFO] Epoch 28/80 (310.5s) | Phase: hard | LR: 7.62e-05 | Train Loss: 0.2865 | Val Loss: 0.4530 | Val Dice: 0.8470 | Val IoU: 0.7347 | Clean Dice: 0.9252
2026-02-19 11:14:49 [INFO] Epoch 29 [0/625] Loss: 0.4187 | Phase: hard | Scale: 0.47
2026-02-19 11:15:09 [INFO] Epoch 29 [50/625] Loss: 0.2720 | Phase: hard | Scale: 0.47
2026-02-19 11:15:29 [INFO] Epoch 29 [100/625] Loss: 0.3324 | Phase: hard | Scale: 0.47
2026-02-19 11:15:49 [INFO] Epoch 29 [150/625] Loss: 0.2522 | Phase: hard | Scale: 0.47
2026-02-19 11:16:09 [INFO] Epoch 29 [200/625] Loss: 0.2844 | Phase: hard | Scale: 0.47
2026-02-19 11:16:29 [INFO] Epoch 29 [250/625] Loss: 0.3254 | Phase: hard | Scale: 0.47
2026-02-19 11:16:49 [INFO] Epoch 29 [300/625] Loss: 0.3023 | Phase: hard | Scale: 0.47
2026-02-19 11:17:09 [INFO] Epoch 29 [350/625] Loss: 0.3014 | Phase: hard | Scale: 0.47
2026-02-19 11:17:29 [INFO] Epoch 29 [400/625] Loss: 0.2908 | Phase: hard | Scale: 0.47
2026-02-19 11:17:49 [INFO] Epoch 29 [450/625] Loss: 0.2527 | Phase: hard | Scale: 0.47
2026-02-19 11:18:09 [INFO] Epoch 29 [500/625] Loss: 0.2649 | Phase: hard | Scale: 0.47
2026-02-19 11:18:29 [INFO] Epoch 29 [550/625] Loss: 0.3822 | Phase: hard | Scale: 0.47
2026-02-19 11:18:49 [INFO] Epoch 29 [600/625] Loss: 0.2975 | Phase: hard | Scale: 0.47
2026-02-19 11:19:51 [INFO] Epoch 29/80 (309.0s) | Phase: hard | LR: 7.44e-05 | Train Loss: 0.2993 | Val Loss: 0.4232 | Val Dice: 0.8620 | Val IoU: 0.7575 | Clean Dice: 0.9273
2026-02-19 11:19:58 [INFO] Epoch 30 [0/625] Loss: 0.3069 | Phase: hard | Scale: 0.48
2026-02-19 11:20:18 [INFO] Epoch 30 [50/625] Loss: 0.2765 | Phase: hard | Scale: 0.48
2026-02-19 11:20:38 [INFO] Epoch 30 [100/625] Loss: 0.2992 | Phase: hard | Scale: 0.48
2026-02-19 11:20:58 [INFO] Epoch 30 [150/625] Loss: 0.2653 | Phase: hard | Scale: 0.48
2026-02-19 11:21:18 [INFO] Epoch 30 [200/625] Loss: 0.2699 | Phase: hard | Scale: 0.48
2026-02-19 11:21:38 [INFO] Epoch 30 [250/625] Loss: 0.3000 | Phase: hard | Scale: 0.48
2026-02-19 11:21:58 [INFO] Epoch 30 [300/625] Loss: 0.3074 | Phase: hard | Scale: 0.48
2026-02-19 11:22:18 [INFO] Epoch 30 [350/625] Loss: 0.3130 | Phase: hard | Scale: 0.48
2026-02-19 11:22:38 [INFO] Epoch 30 [400/625] Loss: 0.2916 | Phase: hard | Scale: 0.48
2026-02-19 11:22:58 [INFO] Epoch 30 [450/625] Loss: 0.2901 | Phase: hard | Scale: 0.48
2026-02-19 11:23:18 [INFO] Epoch 30 [500/625] Loss: 0.2751 | Phase: hard | Scale: 0.48
2026-02-19 11:23:38 [INFO] Epoch 30 [550/625] Loss: 0.2815 | Phase: hard | Scale: 0.48
2026-02-19 11:23:58 [INFO] Epoch 30 [600/625] Loss: 0.3112 | Phase: hard | Scale: 0.48
2026-02-19 11:25:00 [INFO] Epoch 30/80 (309.3s) | Phase: hard | LR: 7.26e-05 | Train Loss: 0.3089 | Val Loss: 0.4038 | Val Dice: 0.8740 | Val IoU: 0.7761 | Clean Dice: 0.9259
2026-02-19 11:25:01 [INFO] New best model saved (dice=0.8740)
2026-02-19 11:25:08 [INFO] Epoch 31 [0/625] Loss: 0.3316 | Phase: hard | Scale: 0.50
2026-02-19 11:25:28 [INFO] Epoch 31 [50/625] Loss: 0.3157 | Phase: hard | Scale: 0.50
2026-02-19 11:25:48 [INFO] Epoch 31 [100/625] Loss: 0.3652 | Phase: hard | Scale: 0.50
2026-02-19 11:26:08 [INFO] Epoch 31 [150/625] Loss: 0.2638 | Phase: hard | Scale: 0.50
2026-02-19 11:26:28 [INFO] Epoch 31 [200/625] Loss: 0.2753 | Phase: hard | Scale: 0.50
2026-02-19 11:26:48 [INFO] Epoch 31 [250/625] Loss: 0.6741 | Phase: hard | Scale: 0.50
2026-02-19 11:27:08 [INFO] Epoch 31 [300/625] Loss: 0.2737 | Phase: hard | Scale: 0.50
2026-02-19 11:27:28 [INFO] Epoch 31 [350/625] Loss: 0.2863 | Phase: hard | Scale: 0.50
2026-02-19 11:27:48 [INFO] Epoch 31 [400/625] Loss: 0.3139 | Phase: hard | Scale: 0.50
2026-02-19 11:28:08 [INFO] Epoch 31 [450/625] Loss: 0.2969 | Phase: hard | Scale: 0.50
2026-02-19 11:28:29 [INFO] Epoch 31 [500/625] Loss: 0.3965 | Phase: hard | Scale: 0.50
2026-02-19 11:28:49 [INFO] Epoch 31 [550/625] Loss: 0.3282 | Phase: hard | Scale: 0.50
2026-02-19 11:29:09 [INFO] Epoch 31 [600/625] Loss: 0.2946 | Phase: hard | Scale: 0.50
2026-02-19 11:30:11 [INFO] Epoch 31/80 (309.6s) | Phase: hard | LR: 7.08e-05 | Train Loss: 0.3152 | Val Loss: 0.4086 | Val Dice: 0.8787 | Val IoU: 0.7836 | Clean Dice: 0.9260
2026-02-19 11:30:11 [INFO] New best model saved (dice=0.8787)
2026-02-19 11:30:18 [INFO] Epoch 32 [0/625] Loss: 0.3359 | Phase: hard | Scale: 0.51
2026-02-19 11:30:38 [INFO] Epoch 32 [50/625] Loss: 0.3232 | Phase: hard | Scale: 0.51
2026-02-19 11:30:58 [INFO] Epoch 32 [100/625] Loss: 0.3697 | Phase: hard | Scale: 0.51
2026-02-19 11:31:18 [INFO] Epoch 32 [150/625] Loss: 0.2975 | Phase: hard | Scale: 0.51
2026-02-19 11:31:38 [INFO] Epoch 32 [200/625] Loss: 0.2980 | Phase: hard | Scale: 0.51
2026-02-19 11:31:58 [INFO] Epoch 32 [250/625] Loss: 0.3095 | Phase: hard | Scale: 0.51
2026-02-19 11:32:18 [INFO] Epoch 32 [300/625] Loss: 0.3235 | Phase: hard | Scale: 0.51
2026-02-19 11:32:38 [INFO] Epoch 32 [350/625] Loss: 0.3364 | Phase: hard | Scale: 0.51
2026-02-19 11:32:59 [INFO] Epoch 32 [400/625] Loss: 0.3465 | Phase: hard | Scale: 0.51
2026-02-19 11:33:19 [INFO] Epoch 32 [450/625] Loss: 0.3351 | Phase: hard | Scale: 0.51
2026-02-19 11:33:39 [INFO] Epoch 32 [500/625] Loss: 0.2724 | Phase: hard | Scale: 0.51
2026-02-19 11:33:59 [INFO] Epoch 32 [550/625] Loss: 0.3315 | Phase: hard | Scale: 0.51
2026-02-19 11:34:19 [INFO] Epoch 32 [600/625] Loss: 0.3036 | Phase: hard | Scale: 0.51
2026-02-19 11:35:21 [INFO] Epoch 32/80 (309.2s) | Phase: hard | LR: 6.89e-05 | Train Loss: 0.3268 | Val Loss: 0.4164 | Val Dice: 0.8772 | Val IoU: 0.7813 | Clean Dice: 0.9260
2026-02-19 11:35:28 [INFO] Epoch 33 [0/625] Loss: 0.3362 | Phase: hard | Scale: 0.52
2026-02-19 11:35:48 [INFO] Epoch 33 [50/625] Loss: 0.3029 | Phase: hard | Scale: 0.52
2026-02-19 11:36:08 [INFO] Epoch 33 [100/625] Loss: 0.3219 | Phase: hard | Scale: 0.52
2026-02-19 11:36:28 [INFO] Epoch 33 [150/625] Loss: 0.2940 | Phase: hard | Scale: 0.52
2026-02-19 11:36:48 [INFO] Epoch 33 [200/625] Loss: 0.3129 | Phase: hard | Scale: 0.52
2026-02-19 11:37:08 [INFO] Epoch 33 [250/625] Loss: 0.3832 | Phase: hard | Scale: 0.52
2026-02-19 11:37:28 [INFO] Epoch 33 [300/625] Loss: 0.3339 | Phase: hard | Scale: 0.52
2026-02-19 11:37:48 [INFO] Epoch 33 [350/625] Loss: 0.3502 | Phase: hard | Scale: 0.52
2026-02-19 11:38:08 [INFO] Epoch 33 [400/625] Loss: 0.4677 | Phase: hard | Scale: 0.52
2026-02-19 11:38:28 [INFO] Epoch 33 [450/625] Loss: 0.3293 | Phase: hard | Scale: 0.52
2026-02-19 11:38:48 [INFO] Epoch 33 [500/625] Loss: 0.2968 | Phase: hard | Scale: 0.52
2026-02-19 11:39:08 [INFO] Epoch 33 [550/625] Loss: 0.2973 | Phase: hard | Scale: 0.52
2026-02-19 11:39:28 [INFO] Epoch 33 [600/625] Loss: 0.3115 | Phase: hard | Scale: 0.52
2026-02-19 11:40:30 [INFO] Epoch 33/80 (309.1s) | Phase: hard | LR: 6.70e-05 | Train Loss: 0.3362 | Val Loss: 0.4419 | Val Dice: 0.8679 | Val IoU: 0.7667 | Clean Dice: 0.9262
2026-02-19 11:40:37 [INFO] Epoch 34 [0/625] Loss: 0.3518 | Phase: hard | Scale: 0.54
2026-02-19 11:40:57 [INFO] Epoch 34 [50/625] Loss: 0.3161 | Phase: hard | Scale: 0.54
2026-02-19 11:41:17 [INFO] Epoch 34 [100/625] Loss: 0.3166 | Phase: hard | Scale: 0.54
2026-02-19 11:41:37 [INFO] Epoch 34 [150/625] Loss: 0.3766 | Phase: hard | Scale: 0.54
2026-02-19 11:41:57 [INFO] Epoch 34 [200/625] Loss: 0.3255 | Phase: hard | Scale: 0.54
2026-02-19 11:42:17 [INFO] Epoch 34 [250/625] Loss: 0.3155 | Phase: hard | Scale: 0.54
2026-02-19 11:42:37 [INFO] Epoch 34 [300/625] Loss: 0.3257 | Phase: hard | Scale: 0.54
2026-02-19 11:42:57 [INFO] Epoch 34 [350/625] Loss: 0.4142 | Phase: hard | Scale: 0.54
2026-02-19 11:43:17 [INFO] Epoch 34 [400/625] Loss: 0.4042 | Phase: hard | Scale: 0.54
2026-02-19 11:43:37 [INFO] Epoch 34 [450/625] Loss: 0.3447 | Phase: hard | Scale: 0.54
2026-02-19 11:43:57 [INFO] Epoch 34 [500/625] Loss: 0.3295 | Phase: hard | Scale: 0.54
2026-02-19 11:44:17 [INFO] Epoch 34 [550/625] Loss: 0.3286 | Phase: hard | Scale: 0.54
2026-02-19 11:44:37 [INFO] Epoch 34 [600/625] Loss: 0.3440 | Phase: hard | Scale: 0.54
2026-02-19 11:45:39 [INFO] Epoch 34/80 (308.7s) | Phase: hard | LR: 6.51e-05 | Train Loss: 0.3459 | Val Loss: 0.4307 | Val Dice: 0.8781 | Val IoU: 0.7827 | Clean Dice: 0.9240
2026-02-19 11:45:46 [INFO] Epoch 35 [0/625] Loss: 0.3066 | Phase: hard | Scale: 0.55
2026-02-19 11:46:06 [INFO] Epoch 35 [50/625] Loss: 0.4589 | Phase: hard | Scale: 0.55
2026-02-19 11:46:26 [INFO] Epoch 35 [100/625] Loss: 0.3005 | Phase: hard | Scale: 0.55
2026-02-19 11:46:46 [INFO] Epoch 35 [150/625] Loss: 0.3584 | Phase: hard | Scale: 0.55
2026-02-19 11:47:06 [INFO] Epoch 35 [200/625] Loss: 0.4163 | Phase: hard | Scale: 0.55
2026-02-19 11:47:26 [INFO] Epoch 35 [250/625] Loss: 0.3221 | Phase: hard | Scale: 0.55
2026-02-19 11:47:46 [INFO] Epoch 35 [300/625] Loss: 0.3385 | Phase: hard | Scale: 0.55
2026-02-19 11:48:06 [INFO] Epoch 35 [350/625] Loss: 0.3587 | Phase: hard | Scale: 0.55
2026-02-19 11:48:26 [INFO] Epoch 35 [400/625] Loss: 0.3208 | Phase: hard | Scale: 0.55
2026-02-19 11:48:46 [INFO] Epoch 35 [450/625] Loss: 0.3125 | Phase: hard | Scale: 0.55
2026-02-19 11:49:06 [INFO] Epoch 35 [500/625] Loss: 0.3959 | Phase: hard | Scale: 0.55
2026-02-19 11:49:26 [INFO] Epoch 35 [550/625] Loss: 0.3157 | Phase: hard | Scale: 0.55
2026-02-19 11:49:46 [INFO] Epoch 35 [600/625] Loss: 0.3360 | Phase: hard | Scale: 0.55
2026-02-19 11:50:48 [INFO] Epoch 35/80 (308.9s) | Phase: hard | LR: 6.31e-05 | Train Loss: 0.3544 | Val Loss: 0.4432 | Val Dice: 0.8759 | Val IoU: 0.7793 | Clean Dice: 0.9211
2026-02-19 11:50:56 [INFO] Epoch 36 [0/625] Loss: 0.3172 | Phase: hard | Scale: 0.57
2026-02-19 11:51:16 [INFO] Epoch 36 [50/625] Loss: 0.4042 | Phase: hard | Scale: 0.57
2026-02-19 11:51:36 [INFO] Epoch 36 [100/625] Loss: 0.3160 | Phase: hard | Scale: 0.57
2026-02-19 11:51:56 [INFO] Epoch 36 [150/625] Loss: 0.3504 | Phase: hard | Scale: 0.57
2026-02-19 11:52:16 [INFO] Epoch 36 [200/625] Loss: 0.4176 | Phase: hard | Scale: 0.57
2026-02-19 11:52:36 [INFO] Epoch 36 [250/625] Loss: 0.3292 | Phase: hard | Scale: 0.57
2026-02-19 11:52:56 [INFO] Epoch 36 [300/625] Loss: 0.3743 | Phase: hard | Scale: 0.57
2026-02-19 11:53:16 [INFO] Epoch 36 [350/625] Loss: 0.3851 | Phase: hard | Scale: 0.57
2026-02-19 11:53:36 [INFO] Epoch 36 [400/625] Loss: 0.3544 | Phase: hard | Scale: 0.57
2026-02-19 11:53:56 [INFO] Epoch 36 [450/625] Loss: 0.4080 | Phase: hard | Scale: 0.57
2026-02-19 11:54:16 [INFO] Epoch 36 [500/625] Loss: 0.3410 | Phase: hard | Scale: 0.57
2026-02-19 11:54:36 [INFO] Epoch 36 [550/625] Loss: 0.3416 | Phase: hard | Scale: 0.57
2026-02-19 11:54:56 [INFO] Epoch 36 [600/625] Loss: 0.3993 | Phase: hard | Scale: 0.57
2026-02-19 11:55:58 [INFO] Epoch 36/80 (309.2s) | Phase: hard | LR: 6.11e-05 | Train Loss: 0.3645 | Val Loss: 0.4512 | Val Dice: 0.8770 | Val IoU: 0.7809 | Clean Dice: 0.9245
2026-02-19 11:56:05 [INFO] Epoch 37 [0/625] Loss: 0.3410 | Phase: hard | Scale: 0.58
2026-02-19 11:56:25 [INFO] Epoch 37 [50/625] Loss: 0.3429 | Phase: hard | Scale: 0.58
2026-02-19 11:56:45 [INFO] Epoch 37 [100/625] Loss: 0.3445 | Phase: hard | Scale: 0.58
2026-02-19 11:57:05 [INFO] Epoch 37 [150/625] Loss: 0.4177 | Phase: hard | Scale: 0.58
2026-02-19 11:57:25 [INFO] Epoch 37 [200/625] Loss: 0.3344 | Phase: hard | Scale: 0.58
2026-02-19 11:57:45 [INFO] Epoch 37 [250/625] Loss: 0.3583 | Phase: hard | Scale: 0.58
2026-02-19 11:58:05 [INFO] Epoch 37 [300/625] Loss: 0.3636 | Phase: hard | Scale: 0.58
2026-02-19 11:58:25 [INFO] Epoch 37 [350/625] Loss: 0.3263 | Phase: hard | Scale: 0.58
2026-02-19 11:58:45 [INFO] Epoch 37 [400/625] Loss: 0.3463 | Phase: hard | Scale: 0.58
2026-02-19 11:59:05 [INFO] Epoch 37 [450/625] Loss: 0.4058 | Phase: hard | Scale: 0.58
2026-02-19 11:59:25 [INFO] Epoch 37 [500/625] Loss: 0.3178 | Phase: hard | Scale: 0.58
2026-02-19 11:59:45 [INFO] Epoch 37 [550/625] Loss: 0.3585 | Phase: hard | Scale: 0.58
2026-02-19 12:00:05 [INFO] Epoch 37 [600/625] Loss: 0.3394 | Phase: hard | Scale: 0.58
2026-02-19 12:01:07 [INFO] Epoch 37/80 (308.9s) | Phase: hard | LR: 5.91e-05 | Train Loss: 0.3750 | Val Loss: 0.4540 | Val Dice: 0.8790 | Val IoU: 0.7841 | Clean Dice: 0.9261
2026-02-19 12:01:15 [INFO] Epoch 38 [0/625] Loss: 0.3436 | Phase: hard | Scale: 0.60
2026-02-19 12:01:35 [INFO] Epoch 38 [50/625] Loss: 0.3930 | Phase: hard | Scale: 0.60
2026-02-19 12:01:55 [INFO] Epoch 38 [100/625] Loss: 0.3717 | Phase: hard | Scale: 0.60
2026-02-19 12:02:15 [INFO] Epoch 38 [150/625] Loss: 0.4369 | Phase: hard | Scale: 0.60
2026-02-19 12:02:34 [INFO] Epoch 38 [200/625] Loss: 0.3959 | Phase: hard | Scale: 0.60
2026-02-19 12:02:54 [INFO] Epoch 38 [250/625] Loss: 0.3776 | Phase: hard | Scale: 0.60
2026-02-19 12:03:14 [INFO] Epoch 38 [300/625] Loss: 0.4275 | Phase: hard | Scale: 0.60
2026-02-19 12:03:34 [INFO] Epoch 38 [350/625] Loss: 0.3585 | Phase: hard | Scale: 0.60
2026-02-19 12:03:54 [INFO] Epoch 38 [400/625] Loss: 0.4031 | Phase: hard | Scale: 0.60
2026-02-19 12:04:14 [INFO] Epoch 38 [450/625] Loss: 0.3233 | Phase: hard | Scale: 0.60
2026-02-19 12:04:34 [INFO] Epoch 38 [500/625] Loss: 0.3469 | Phase: hard | Scale: 0.60
2026-02-19 12:04:54 [INFO] Epoch 38 [550/625] Loss: 0.4143 | Phase: hard | Scale: 0.60
2026-02-19 12:05:14 [INFO] Epoch 38 [600/625] Loss: 0.3675 | Phase: hard | Scale: 0.60
2026-02-19 12:06:17 [INFO] Epoch 38/80 (309.1s) | Phase: hard | LR: 5.71e-05 | Train Loss: 0.3868 | Val Loss: 0.4642 | Val Dice: 0.8795 | Val IoU: 0.7849 | Clean Dice: 0.9263
2026-02-19 12:06:24 [INFO] Epoch 39 [0/625] Loss: 0.3567 | Phase: hard | Scale: 0.61
2026-02-19 12:06:44 [INFO] Epoch 39 [50/625] Loss: 0.4695 | Phase: hard | Scale: 0.61
2026-02-19 12:07:04 [INFO] Epoch 39 [100/625] Loss: 0.3488 | Phase: hard | Scale: 0.61
2026-02-19 12:07:24 [INFO] Epoch 39 [150/625] Loss: 0.3836 | Phase: hard | Scale: 0.61
2026-02-19 12:07:44 [INFO] Epoch 39 [200/625] Loss: 0.4580 | Phase: hard | Scale: 0.61
2026-02-19 12:08:04 [INFO] Epoch 39 [250/625] Loss: 0.3734 | Phase: hard | Scale: 0.61
2026-02-19 12:08:24 [INFO] Epoch 39 [300/625] Loss: 0.3895 | Phase: hard | Scale: 0.61
2026-02-19 12:08:44 [INFO] Epoch 39 [350/625] Loss: 0.3560 | Phase: hard | Scale: 0.61
2026-02-19 12:09:04 [INFO] Epoch 39 [400/625] Loss: 0.4450 | Phase: hard | Scale: 0.61
2026-02-19 12:09:24 [INFO] Epoch 39 [450/625] Loss: 0.4484 | Phase: hard | Scale: 0.61
2026-02-19 12:09:44 [INFO] Epoch 39 [500/625] Loss: 0.3618 | Phase: hard | Scale: 0.61
2026-02-19 12:10:04 [INFO] Epoch 39 [550/625] Loss: 0.3713 | Phase: hard | Scale: 0.61
2026-02-19 12:10:24 [INFO] Epoch 39 [600/625] Loss: 0.3701 | Phase: hard | Scale: 0.61
2026-02-19 12:11:26 [INFO] Epoch 39/80 (308.6s) | Phase: hard | LR: 5.51e-05 | Train Loss: 0.3960 | Val Loss: 0.4657 | Val Dice: 0.8809 | Val IoU: 0.7872 | Clean Dice: 0.9242
2026-02-19 12:11:26 [INFO] New best model saved (dice=0.8809)
2026-02-19 12:11:33 [INFO] Epoch 40 [0/625] Loss: 0.3649 | Phase: hard | Scale: 0.63
2026-02-19 12:11:53 [INFO] Epoch 40 [50/625] Loss: 0.5302 | Phase: hard | Scale: 0.63
2026-02-19 12:12:13 [INFO] Epoch 40 [100/625] Loss: 0.3876 | Phase: hard | Scale: 0.63
2026-02-19 12:12:33 [INFO] Epoch 40 [150/625] Loss: 0.3975 | Phase: hard | Scale: 0.63
2026-02-19 12:12:53 [INFO] Epoch 40 [200/625] Loss: 0.4368 | Phase: hard | Scale: 0.63
2026-02-19 12:13:13 [INFO] Epoch 40 [250/625] Loss: 0.3881 | Phase: hard | Scale: 0.63
2026-02-19 12:13:33 [INFO] Epoch 40 [300/625] Loss: 0.3752 | Phase: hard | Scale: 0.63
2026-02-19 12:13:53 [INFO] Epoch 40 [350/625] Loss: 0.3875 | Phase: hard | Scale: 0.63
2026-02-19 12:14:13 [INFO] Epoch 40 [400/625] Loss: 0.4677 | Phase: hard | Scale: 0.63
2026-02-19 12:14:33 [INFO] Epoch 40 [450/625] Loss: 0.3517 | Phase: hard | Scale: 0.63
2026-02-19 12:14:53 [INFO] Epoch 40 [500/625] Loss: 0.4254 | Phase: hard | Scale: 0.63
2026-02-19 12:15:13 [INFO] Epoch 40 [550/625] Loss: 0.4271 | Phase: hard | Scale: 0.63
2026-02-19 12:15:33 [INFO] Epoch 40 [600/625] Loss: 0.4262 | Phase: hard | Scale: 0.63
2026-02-19 12:16:35 [INFO] Epoch 40/80 (308.6s) | Phase: hard | LR: 5.31e-05 | Train Loss: 0.4069 | Val Loss: 0.4868 | Val Dice: 0.8776 | Val IoU: 0.7819 | Clean Dice: 0.9193
2026-02-19 12:16:43 [INFO] Epoch 41 [0/625] Loss: 0.4211 | Phase: hard | Scale: 0.64
2026-02-19 12:17:03 [INFO] Epoch 41 [50/625] Loss: 0.4184 | Phase: hard | Scale: 0.64
2026-02-19 12:17:23 [INFO] Epoch 41 [100/625] Loss: 0.4341 | Phase: hard | Scale: 0.64
2026-02-19 12:17:43 [INFO] Epoch 41 [150/625] Loss: 0.4034 | Phase: hard | Scale: 0.64
2026-02-19 12:18:03 [INFO] Epoch 41 [200/625] Loss: 0.3958 | Phase: hard | Scale: 0.64
2026-02-19 12:18:23 [INFO] Epoch 41 [250/625] Loss: 0.4267 | Phase: hard | Scale: 0.64
2026-02-19 12:18:43 [INFO] Epoch 41 [300/625] Loss: 0.3641 | Phase: hard | Scale: 0.64
2026-02-19 12:19:03 [INFO] Epoch 41 [350/625] Loss: 0.3525 | Phase: hard | Scale: 0.64
2026-02-19 12:19:23 [INFO] Epoch 41 [400/625] Loss: 0.4220 | Phase: hard | Scale: 0.64
2026-02-19 12:19:43 [INFO] Epoch 41 [450/625] Loss: 0.3887 | Phase: hard | Scale: 0.64
2026-02-19 12:20:03 [INFO] Epoch 41 [500/625] Loss: 0.3909 | Phase: hard | Scale: 0.64
2026-02-19 12:20:23 [INFO] Epoch 41 [550/625] Loss: 0.3814 | Phase: hard | Scale: 0.64
2026-02-19 12:20:42 [INFO] Epoch 41 [600/625] Loss: 0.3745 | Phase: hard | Scale: 0.64
2026-02-19 12:21:45 [INFO] Epoch 41/80 (309.2s) | Phase: hard | LR: 5.10e-05 | Train Loss: 0.4180 | Val Loss: 0.4846 | Val Dice: 0.8810 | Val IoU: 0.7874 | Clean Dice: 0.9241
2026-02-19 12:21:52 [INFO] Epoch 42 [0/625] Loss: 0.3905 | Phase: hard | Scale: 0.66
2026-02-19 12:22:12 [INFO] Epoch 42 [50/625] Loss: 0.4330 | Phase: hard | Scale: 0.66
2026-02-19 12:22:32 [INFO] Epoch 42 [100/625] Loss: 0.4075 | Phase: hard | Scale: 0.66
2026-02-19 12:22:52 [INFO] Epoch 42 [150/625] Loss: 0.4049 | Phase: hard | Scale: 0.66
2026-02-19 12:23:12 [INFO] Epoch 42 [200/625] Loss: 0.4679 | Phase: hard | Scale: 0.66
2026-02-19 12:23:32 [INFO] Epoch 42 [250/625] Loss: 0.4079 | Phase: hard | Scale: 0.66
2026-02-19 12:23:52 [INFO] Epoch 42 [300/625] Loss: 0.3876 | Phase: hard | Scale: 0.66
2026-02-19 12:24:12 [INFO] Epoch 42 [350/625] Loss: 0.5280 | Phase: hard | Scale: 0.66
2026-02-19 12:24:32 [INFO] Epoch 42 [400/625] Loss: 0.6333 | Phase: hard | Scale: 0.66
2026-02-19 12:24:52 [INFO] Epoch 42 [450/625] Loss: 0.3873 | Phase: hard | Scale: 0.66
2026-02-19 12:25:12 [INFO] Epoch 42 [500/625] Loss: 0.4360 | Phase: hard | Scale: 0.66
2026-02-19 12:25:32 [INFO] Epoch 42 [550/625] Loss: 0.4392 | Phase: hard | Scale: 0.66
2026-02-19 12:25:52 [INFO] Epoch 42 [600/625] Loss: 0.4198 | Phase: hard | Scale: 0.66
2026-02-19 12:26:54 [INFO] Epoch 42/80 (308.7s) | Phase: hard | LR: 4.90e-05 | Train Loss: 0.4283 | Val Loss: 0.4963 | Val Dice: 0.8791 | Val IoU: 0.7842 | Clean Dice: 0.9267
2026-02-19 12:27:01 [INFO] Epoch 43 [0/625] Loss: 0.4375 | Phase: hard | Scale: 0.67
2026-02-19 12:27:21 [INFO] Epoch 43 [50/625] Loss: 0.4685 | Phase: hard | Scale: 0.67
2026-02-19 12:27:41 [INFO] Epoch 43 [100/625] Loss: 0.3825 | Phase: hard | Scale: 0.67
2026-02-19 12:28:01 [INFO] Epoch 43 [150/625] Loss: 0.4219 | Phase: hard | Scale: 0.67
2026-02-19 12:28:21 [INFO] Epoch 43 [200/625] Loss: 0.4457 | Phase: hard | Scale: 0.67
2026-02-19 12:28:41 [INFO] Epoch 43 [250/625] Loss: 0.4588 | Phase: hard | Scale: 0.67
2026-02-19 12:29:01 [INFO] Epoch 43 [300/625] Loss: 0.5085 | Phase: hard | Scale: 0.67
2026-02-19 12:29:21 [INFO] Epoch 43 [350/625] Loss: 0.5231 | Phase: hard | Scale: 0.67
2026-02-19 12:29:41 [INFO] Epoch 43 [400/625] Loss: 0.4667 | Phase: hard | Scale: 0.67
2026-02-19 12:30:01 [INFO] Epoch 43 [450/625] Loss: 0.4075 | Phase: hard | Scale: 0.67
2026-02-19 12:30:21 [INFO] Epoch 43 [500/625] Loss: 0.5044 | Phase: hard | Scale: 0.67
2026-02-19 12:30:41 [INFO] Epoch 43 [550/625] Loss: 0.4428 | Phase: hard | Scale: 0.67
2026-02-19 12:31:01 [INFO] Epoch 43 [600/625] Loss: 0.4356 | Phase: hard | Scale: 0.67
2026-02-19 12:32:03 [INFO] Epoch 43/80 (308.7s) | Phase: hard | LR: 4.69e-05 | Train Loss: 0.4360 | Val Loss: 0.5052 | Val Dice: 0.8785 | Val IoU: 0.7834 | Clean Dice: 0.9206
2026-02-19 12:32:10 [INFO] Epoch 44 [0/625] Loss: 0.3849 | Phase: hard | Scale: 0.69
2026-02-19 12:32:30 [INFO] Epoch 44 [50/625] Loss: 0.4387 | Phase: hard | Scale: 0.69
2026-02-19 12:32:50 [INFO] Epoch 44 [100/625] Loss: 0.4129 | Phase: hard | Scale: 0.69
2026-02-19 12:33:10 [INFO] Epoch 44 [150/625] Loss: 0.4099 | Phase: hard | Scale: 0.69
2026-02-19 12:33:30 [INFO] Epoch 44 [200/625] Loss: 0.4111 | Phase: hard | Scale: 0.69
2026-02-19 12:33:50 [INFO] Epoch 44 [250/625] Loss: 0.4522 | Phase: hard | Scale: 0.69
2026-02-19 12:34:10 [INFO] Epoch 44 [300/625] Loss: 0.4831 | Phase: hard | Scale: 0.69
2026-02-19 12:34:30 [INFO] Epoch 44 [350/625] Loss: 0.4505 | Phase: hard | Scale: 0.69
2026-02-19 12:34:50 [INFO] Epoch 44 [400/625] Loss: 0.3944 | Phase: hard | Scale: 0.69
2026-02-19 12:35:10 [INFO] Epoch 44 [450/625] Loss: 0.4108 | Phase: hard | Scale: 0.69
2026-02-19 12:35:30 [INFO] Epoch 44 [500/625] Loss: 0.3664 | Phase: hard | Scale: 0.69
2026-02-19 12:35:50 [INFO] Epoch 44 [550/625] Loss: 0.4188 | Phase: hard | Scale: 0.69
2026-02-19 12:36:10 [INFO] Epoch 44 [600/625] Loss: 0.5016 | Phase: hard | Scale: 0.69
2026-02-19 12:37:12 [INFO] Epoch 44/80 (309.2s) | Phase: hard | LR: 4.49e-05 | Train Loss: 0.4469 | Val Loss: 0.5076 | Val Dice: 0.8786 | Val IoU: 0.7835 | Clean Dice: 0.9252
2026-02-19 12:37:20 [INFO] Epoch 45 [0/625] Loss: 0.4082 | Phase: hard | Scale: 0.70
2026-02-19 12:37:40 [INFO] Epoch 45 [50/625] Loss: 0.5459 | Phase: hard | Scale: 0.70
2026-02-19 12:38:00 [INFO] Epoch 45 [100/625] Loss: 0.4140 | Phase: hard | Scale: 0.70
2026-02-19 12:38:20 [INFO] Epoch 45 [150/625] Loss: 0.4709 | Phase: hard | Scale: 0.70
2026-02-19 12:38:40 [INFO] Epoch 45 [200/625] Loss: 0.3878 | Phase: hard | Scale: 0.70
2026-02-19 12:39:00 [INFO] Epoch 45 [250/625] Loss: 0.4507 | Phase: hard | Scale: 0.70
2026-02-19 12:39:20 [INFO] Epoch 45 [300/625] Loss: 0.5019 | Phase: hard | Scale: 0.70
2026-02-19 12:39:40 [INFO] Epoch 45 [350/625] Loss: 0.4678 | Phase: hard | Scale: 0.70
2026-02-19 12:40:00 [INFO] Epoch 45 [400/625] Loss: 0.4526 | Phase: hard | Scale: 0.70
2026-02-19 12:40:20 [INFO] Epoch 45 [450/625] Loss: 0.4104 | Phase: hard | Scale: 0.70
2026-02-19 12:40:40 [INFO] Epoch 45 [500/625] Loss: 0.4594 | Phase: hard | Scale: 0.70
2026-02-19 12:41:00 [INFO] Epoch 45 [550/625] Loss: 0.4878 | Phase: hard | Scale: 0.70
2026-02-19 12:41:20 [INFO] Epoch 45 [600/625] Loss: 0.4145 | Phase: hard | Scale: 0.70
2026-02-19 12:42:21 [INFO] Epoch 45/80 (308.6s) | Phase: hard | LR: 4.29e-05 | Train Loss: 0.4602 | Val Loss: 0.5109 | Val Dice: 0.8823 | Val IoU: 0.7893 | Clean Dice: 0.9262
2026-02-19 12:42:22 [INFO] New best model saved (dice=0.8823)
2026-02-19 12:42:29 [INFO] Epoch 46 [0/625] Loss: 0.4798 | Phase: extreme | Scale: 1.00
2026-02-19 12:42:49 [INFO] Epoch 46 [50/625] Loss: 0.5562 | Phase: extreme | Scale: 1.00
2026-02-19 12:43:09 [INFO] Epoch 46 [100/625] Loss: 0.4820 | Phase: extreme | Scale: 1.00
2026-02-19 12:43:29 [INFO] Epoch 46 [150/625] Loss: 0.5717 | Phase: extreme | Scale: 1.00
2026-02-19 12:43:49 [INFO] Epoch 46 [200/625] Loss: 0.4573 | Phase: extreme | Scale: 1.00
2026-02-19 12:44:09 [INFO] Epoch 46 [250/625] Loss: 0.8050 | Phase: extreme | Scale: 1.00
2026-02-19 12:44:29 [INFO] Epoch 46 [300/625] Loss: 0.4922 | Phase: extreme | Scale: 1.00
2026-02-19 12:44:49 [INFO] Epoch 46 [350/625] Loss: 0.4904 | Phase: extreme | Scale: 1.00
2026-02-19 12:45:09 [INFO] Epoch 46 [400/625] Loss: 0.5774 | Phase: extreme | Scale: 1.00
2026-02-19 12:45:29 [INFO] Epoch 46 [450/625] Loss: 0.6265 | Phase: extreme | Scale: 1.00
2026-02-19 12:45:49 [INFO] Epoch 46 [500/625] Loss: 0.4260 | Phase: extreme | Scale: 1.00
2026-02-19 12:46:09 [INFO] Epoch 46 [550/625] Loss: 0.5728 | Phase: extreme | Scale: 1.00
2026-02-19 12:46:29 [INFO] Epoch 46 [600/625] Loss: 0.7389 | Phase: extreme | Scale: 1.00
2026-02-19 12:47:31 [INFO] Epoch 46/80 (308.6s) | Phase: extreme | LR: 4.09e-05 | Train Loss: 0.5455 | Val Loss: 0.5189 | Val Dice: 0.8818 | Val IoU: 0.7885 | Clean Dice: 0.9252
2026-02-19 12:47:38 [INFO] Epoch 47 [0/625] Loss: 0.3970 | Phase: extreme | Scale: 0.71
2026-02-19 12:47:58 [INFO] Epoch 47 [50/625] Loss: 0.4869 | Phase: extreme | Scale: 0.71
2026-02-19 12:48:18 [INFO] Epoch 47 [100/625] Loss: 0.5591 | Phase: extreme | Scale: 0.71
2026-02-19 12:48:38 [INFO] Epoch 47 [150/625] Loss: 0.4705 | Phase: extreme | Scale: 0.71
2026-02-19 12:49:00 [INFO] Epoch 47 [200/625] Loss: 0.4425 | Phase: extreme | Scale: 0.71
2026-02-19 12:49:21 [INFO] Epoch 47 [250/625] Loss: 0.4448 | Phase: extreme | Scale: 0.71
2026-02-19 12:49:41 [INFO] Epoch 47 [300/625] Loss: 0.4854 | Phase: extreme | Scale: 0.71
2026-02-19 12:50:02 [INFO] Epoch 47 [350/625] Loss: 0.5820 | Phase: extreme | Scale: 0.71
2026-02-19 12:50:22 [INFO] Epoch 47 [400/625] Loss: 0.6185 | Phase: extreme | Scale: 0.71
2026-02-19 12:50:43 [INFO] Epoch 47 [450/625] Loss: 0.4647 | Phase: extreme | Scale: 0.71
2026-02-19 12:51:03 [INFO] Epoch 47 [500/625] Loss: 0.4252 | Phase: extreme | Scale: 0.71
2026-02-19 12:51:24 [INFO] Epoch 47 [550/625] Loss: 0.4428 | Phase: extreme | Scale: 0.71
2026-02-19 12:51:44 [INFO] Epoch 47 [600/625] Loss: 0.5262 | Phase: extreme | Scale: 0.71
2026-02-19 12:52:46 [INFO] Epoch 47/80 (315.3s) | Phase: extreme | LR: 3.89e-05 | Train Loss: 0.4761 | Val Loss: 0.5312 | Val Dice: 0.8799 | Val IoU: 0.7856 | Clean Dice: 0.9223
2026-02-19 12:52:54 [INFO] Epoch 48 [0/625] Loss: 0.4247 | Phase: extreme | Scale: 0.72
2026-02-19 12:53:14 [INFO] Epoch 48 [50/625] Loss: 0.4962 | Phase: extreme | Scale: 0.72
2026-02-19 12:53:35 [INFO] Epoch 48 [100/625] Loss: 0.4904 | Phase: extreme | Scale: 0.72
2026-02-19 12:53:55 [INFO] Epoch 48 [150/625] Loss: 0.4031 | Phase: extreme | Scale: 0.72
2026-02-19 12:54:15 [INFO] Epoch 48 [200/625] Loss: 0.4635 | Phase: extreme | Scale: 0.72
2026-02-19 12:54:36 [INFO] Epoch 48 [250/625] Loss: 0.4845 | Phase: extreme | Scale: 0.72
2026-02-19 12:54:56 [INFO] Epoch 48 [300/625] Loss: 0.4579 | Phase: extreme | Scale: 0.72
2026-02-19 12:55:16 [INFO] Epoch 48 [350/625] Loss: 0.5424 | Phase: extreme | Scale: 0.72
2026-02-19 12:55:37 [INFO] Epoch 48 [400/625] Loss: 0.4373 | Phase: extreme | Scale: 0.72
2026-02-19 12:55:57 [INFO] Epoch 48 [450/625] Loss: 0.4365 | Phase: extreme | Scale: 0.72
2026-02-19 12:56:18 [INFO] Epoch 48 [500/625] Loss: 0.4126 | Phase: extreme | Scale: 0.72
2026-02-19 12:56:38 [INFO] Epoch 48 [550/625] Loss: 0.5222 | Phase: extreme | Scale: 0.72
2026-02-19 12:56:58 [INFO] Epoch 48 [600/625] Loss: 0.4277 | Phase: extreme | Scale: 0.72
2026-02-19 12:58:00 [INFO] Epoch 48/80 (313.6s) | Phase: extreme | LR: 3.69e-05 | Train Loss: 0.4854 | Val Loss: 0.5311 | Val Dice: 0.8841 | Val IoU: 0.7923 | Clean Dice: 0.9252
2026-02-19 12:58:01 [INFO] New best model saved (dice=0.8841)
2026-02-19 12:58:08 [INFO] Epoch 49 [0/625] Loss: 0.4535 | Phase: extreme | Scale: 0.73
2026-02-19 12:58:29 [INFO] Epoch 49 [50/625] Loss: 0.5914 | Phase: extreme | Scale: 0.73
2026-02-19 12:58:49 [INFO] Epoch 49 [100/625] Loss: 0.5356 | Phase: extreme | Scale: 0.73
2026-02-19 12:59:09 [INFO] Epoch 49 [150/625] Loss: 0.4569 | Phase: extreme | Scale: 0.73
2026-02-19 12:59:30 [INFO] Epoch 49 [200/625] Loss: 0.5895 | Phase: extreme | Scale: 0.73
2026-02-19 12:59:50 [INFO] Epoch 49 [250/625] Loss: 0.5435 | Phase: extreme | Scale: 0.73
2026-02-19 13:00:10 [INFO] Epoch 49 [300/625] Loss: 0.5925 | Phase: extreme | Scale: 0.73
2026-02-19 13:00:31 [INFO] Epoch 49 [350/625] Loss: 0.4673 | Phase: extreme | Scale: 0.73
2026-02-19 13:00:51 [INFO] Epoch 49 [400/625] Loss: 0.4592 | Phase: extreme | Scale: 0.73
2026-02-19 13:01:11 [INFO] Epoch 49 [450/625] Loss: 0.4656 | Phase: extreme | Scale: 0.73
2026-02-19 13:01:32 [INFO] Epoch 49 [500/625] Loss: 0.4375 | Phase: extreme | Scale: 0.73
2026-02-19 13:01:52 [INFO] Epoch 49 [550/625] Loss: 0.4736 | Phase: extreme | Scale: 0.73
2026-02-19 13:02:13 [INFO] Epoch 49 [600/625] Loss: 0.5562 | Phase: extreme | Scale: 0.73
2026-02-19 13:03:14 [INFO] Epoch 49/80 (313.5s) | Phase: extreme | LR: 3.49e-05 | Train Loss: 0.4943 | Val Loss: 0.5420 | Val Dice: 0.8825 | Val IoU: 0.7897 | Clean Dice: 0.9265
2026-02-19 13:03:22 [INFO] Epoch 50 [0/625] Loss: 0.4480 | Phase: extreme | Scale: 0.74
2026-02-19 13:03:42 [INFO] Epoch 50 [50/625] Loss: 0.4994 | Phase: extreme | Scale: 0.74
2026-02-19 13:04:03 [INFO] Epoch 50 [100/625] Loss: 0.5545 | Phase: extreme | Scale: 0.74
2026-02-19 13:04:23 [INFO] Epoch 50 [150/625] Loss: 0.5042 | Phase: extreme | Scale: 0.74
2026-02-19 13:04:43 [INFO] Epoch 50 [200/625] Loss: 0.4977 | Phase: extreme | Scale: 0.74
2026-02-19 13:05:04 [INFO] Epoch 50 [250/625] Loss: 0.4208 | Phase: extreme | Scale: 0.74
2026-02-19 13:05:24 [INFO] Epoch 50 [300/625] Loss: 0.4844 | Phase: extreme | Scale: 0.74
2026-02-19 13:05:44 [INFO] Epoch 50 [350/625] Loss: 0.4302 | Phase: extreme | Scale: 0.74
2026-02-19 13:06:05 [INFO] Epoch 50 [400/625] Loss: 0.4966 | Phase: extreme | Scale: 0.74
2026-02-19 13:06:25 [INFO] Epoch 50 [450/625] Loss: 0.4979 | Phase: extreme | Scale: 0.74
2026-02-19 13:06:46 [INFO] Epoch 50 [500/625] Loss: 0.5648 | Phase: extreme | Scale: 0.74
2026-02-19 13:07:06 [INFO] Epoch 50 [550/625] Loss: 0.4509 | Phase: extreme | Scale: 0.74
2026-02-19 13:07:26 [INFO] Epoch 50 [600/625] Loss: 0.4669 | Phase: extreme | Scale: 0.74
2026-02-19 13:08:28 [INFO] Epoch 50/80 (313.2s) | Phase: extreme | LR: 3.30e-05 | Train Loss: 0.5046 | Val Loss: 0.5518 | Val Dice: 0.8820 | Val IoU: 0.7889 | Clean Dice: 0.9263
2026-02-19 13:08:36 [INFO] Epoch 51 [0/625] Loss: 0.4837 | Phase: extreme | Scale: 0.74
2026-02-19 13:08:56 [INFO] Epoch 51 [50/625] Loss: 0.5545 | Phase: extreme | Scale: 0.74
2026-02-19 13:09:17 [INFO] Epoch 51 [100/625] Loss: 0.5306 | Phase: extreme | Scale: 0.74
2026-02-19 13:09:37 [INFO] Epoch 51 [150/625] Loss: 0.4909 | Phase: extreme | Scale: 0.74
2026-02-19 13:09:57 [INFO] Epoch 51 [200/625] Loss: 0.5493 | Phase: extreme | Scale: 0.74
2026-02-19 13:10:18 [INFO] Epoch 51 [250/625] Loss: 0.5992 | Phase: extreme | Scale: 0.74
2026-02-19 13:10:38 [INFO] Epoch 51 [300/625] Loss: 0.5160 | Phase: extreme | Scale: 0.74
2026-02-19 13:10:58 [INFO] Epoch 51 [350/625] Loss: 0.4577 | Phase: extreme | Scale: 0.74
2026-02-19 13:11:19 [INFO] Epoch 51 [400/625] Loss: 0.5013 | Phase: extreme | Scale: 0.74
2026-02-19 13:11:39 [INFO] Epoch 51 [450/625] Loss: 0.5254 | Phase: extreme | Scale: 0.74
2026-02-19 13:12:00 [INFO] Epoch 51 [500/625] Loss: 0.4739 | Phase: extreme | Scale: 0.74
2026-02-19 13:12:20 [INFO] Epoch 51 [550/625] Loss: 0.4628 | Phase: extreme | Scale: 0.74
2026-02-19 13:12:40 [INFO] Epoch 51 [600/625] Loss: 0.5326 | Phase: extreme | Scale: 0.74
2026-02-19 13:13:41 [INFO] Epoch 51/80 (312.5s) | Phase: extreme | LR: 3.11e-05 | Train Loss: 0.5119 | Val Loss: 0.5617 | Val Dice: 0.8832 | Val IoU: 0.7908 | Clean Dice: 0.9262
2026-02-19 13:13:49 [INFO] Epoch 52 [0/625] Loss: 0.5150 | Phase: extreme | Scale: 0.75
2026-02-19 13:14:09 [INFO] Epoch 52 [50/625] Loss: 0.5583 | Phase: extreme | Scale: 0.75
2026-02-19 13:14:28 [INFO] Epoch 52 [100/625] Loss: 0.4957 | Phase: extreme | Scale: 0.75
2026-02-19 13:14:48 [INFO] Epoch 52 [150/625] Loss: 0.4550 | Phase: extreme | Scale: 0.75
2026-02-19 13:15:08 [INFO] Epoch 52 [200/625] Loss: 0.5498 | Phase: extreme | Scale: 0.75
2026-02-19 13:15:28 [INFO] Epoch 52 [250/625] Loss: 0.5277 | Phase: extreme | Scale: 0.75
2026-02-19 13:15:48 [INFO] Epoch 52 [300/625] Loss: 0.5164 | Phase: extreme | Scale: 0.75
2026-02-19 13:16:08 [INFO] Epoch 52 [350/625] Loss: 0.4250 | Phase: extreme | Scale: 0.75
2026-02-19 13:16:28 [INFO] Epoch 52 [400/625] Loss: 0.4881 | Phase: extreme | Scale: 0.75
2026-02-19 13:16:48 [INFO] Epoch 52 [450/625] Loss: 0.4483 | Phase: extreme | Scale: 0.75
2026-02-19 13:17:08 [INFO] Epoch 52 [500/625] Loss: 0.5028 | Phase: extreme | Scale: 0.75
2026-02-19 13:17:28 [INFO] Epoch 52 [550/625] Loss: 0.4732 | Phase: extreme | Scale: 0.75
2026-02-19 13:17:48 [INFO] Epoch 52 [600/625] Loss: 0.6279 | Phase: extreme | Scale: 0.75
2026-02-19 13:18:50 [INFO] Epoch 52/80 (308.1s) | Phase: extreme | LR: 2.92e-05 | Train Loss: 0.5211 | Val Loss: 0.5641 | Val Dice: 0.8832 | Val IoU: 0.7908 | Clean Dice: 0.9262
2026-02-19 13:18:57 [INFO] Epoch 53 [0/625] Loss: 0.4649 | Phase: extreme | Scale: 0.76
2026-02-19 13:19:17 [INFO] Epoch 53 [50/625] Loss: 0.6458 | Phase: extreme | Scale: 0.76
2026-02-19 13:19:37 [INFO] Epoch 53 [100/625] Loss: 0.4581 | Phase: extreme | Scale: 0.76
2026-02-19 13:19:57 [INFO] Epoch 53 [150/625] Loss: 0.5205 | Phase: extreme | Scale: 0.76
2026-02-19 13:20:17 [INFO] Epoch 53 [200/625] Loss: 0.5091 | Phase: extreme | Scale: 0.76
2026-02-19 13:20:37 [INFO] Epoch 53 [250/625] Loss: 0.5650 | Phase: extreme | Scale: 0.76
2026-02-19 13:20:57 [INFO] Epoch 53 [300/625] Loss: 0.4947 | Phase: extreme | Scale: 0.76
2026-02-19 13:21:17 [INFO] Epoch 53 [350/625] Loss: 0.5505 | Phase: extreme | Scale: 0.76
2026-02-19 13:21:37 [INFO] Epoch 53 [400/625] Loss: 0.5374 | Phase: extreme | Scale: 0.76
2026-02-19 13:21:57 [INFO] Epoch 53 [450/625] Loss: 0.4585 | Phase: extreme | Scale: 0.76
2026-02-19 13:22:17 [INFO] Epoch 53 [500/625] Loss: 0.5330 | Phase: extreme | Scale: 0.76
2026-02-19 13:22:37 [INFO] Epoch 53 [550/625] Loss: 0.5188 | Phase: extreme | Scale: 0.76
2026-02-19 13:22:57 [INFO] Epoch 53 [600/625] Loss: 0.5302 | Phase: extreme | Scale: 0.76
2026-02-19 13:23:58 [INFO] Epoch 53/80 (308.4s) | Phase: extreme | LR: 2.74e-05 | Train Loss: 0.5295 | Val Loss: 0.5796 | Val Dice: 0.8813 | Val IoU: 0.7879 | Clean Dice: 0.9257
2026-02-19 13:24:06 [INFO] Epoch 54 [0/625] Loss: 0.5038 | Phase: extreme | Scale: 0.77
2026-02-19 13:24:26 [INFO] Epoch 54 [50/625] Loss: 0.5438 | Phase: extreme | Scale: 0.77
2026-02-19 13:24:46 [INFO] Epoch 54 [100/625] Loss: 0.5232 | Phase: extreme | Scale: 0.77
2026-02-19 13:25:06 [INFO] Epoch 54 [150/625] Loss: 0.4977 | Phase: extreme | Scale: 0.77
2026-02-19 13:25:26 [INFO] Epoch 54 [200/625] Loss: 0.5362 | Phase: extreme | Scale: 0.77
2026-02-19 13:25:46 [INFO] Epoch 54 [250/625] Loss: 0.5504 | Phase: extreme | Scale: 0.77
2026-02-19 13:26:06 [INFO] Epoch 54 [300/625] Loss: 0.4851 | Phase: extreme | Scale: 0.77
2026-02-19 13:26:26 [INFO] Epoch 54 [350/625] Loss: 0.5427 | Phase: extreme | Scale: 0.77
2026-02-19 13:26:46 [INFO] Epoch 54 [400/625] Loss: 0.6209 | Phase: extreme | Scale: 0.77
2026-02-19 13:27:05 [INFO] Epoch 54 [450/625] Loss: 0.5028 | Phase: extreme | Scale: 0.77
2026-02-19 13:27:25 [INFO] Epoch 54 [500/625] Loss: 0.5926 | Phase: extreme | Scale: 0.77
2026-02-19 13:27:45 [INFO] Epoch 54 [550/625] Loss: 0.5414 | Phase: extreme | Scale: 0.77
2026-02-19 13:28:05 [INFO] Epoch 54 [600/625] Loss: 0.5160 | Phase: extreme | Scale: 0.77
2026-02-19 13:29:07 [INFO] Epoch 54/80 (308.1s) | Phase: extreme | LR: 2.56e-05 | Train Loss: 0.5373 | Val Loss: 0.5909 | Val Dice: 0.8817 | Val IoU: 0.7884 | Clean Dice: 0.9258
2026-02-19 13:29:14 [INFO] Epoch 55 [0/625] Loss: 0.5348 | Phase: extreme | Scale: 0.78
2026-02-19 13:29:34 [INFO] Epoch 55 [50/625] Loss: 0.5516 | Phase: extreme | Scale: 0.78
2026-02-19 13:29:54 [INFO] Epoch 55 [100/625] Loss: 0.5733 | Phase: extreme | Scale: 0.78
2026-02-19 13:30:14 [INFO] Epoch 55 [150/625] Loss: 0.5713 | Phase: extreme | Scale: 0.78
2026-02-19 13:30:34 [INFO] Epoch 55 [200/625] Loss: 0.6446 | Phase: extreme | Scale: 0.78
2026-02-19 13:30:54 [INFO] Epoch 55 [250/625] Loss: 0.5236 | Phase: extreme | Scale: 0.78
2026-02-19 13:31:14 [INFO] Epoch 55 [300/625] Loss: 0.5403 | Phase: extreme | Scale: 0.78
2026-02-19 13:31:34 [INFO] Epoch 55 [350/625] Loss: 0.5055 | Phase: extreme | Scale: 0.78
2026-02-19 13:31:54 [INFO] Epoch 55 [400/625] Loss: 0.6543 | Phase: extreme | Scale: 0.78
2026-02-19 13:32:14 [INFO] Epoch 55 [450/625] Loss: 0.4714 | Phase: extreme | Scale: 0.78
2026-02-19 13:32:34 [INFO] Epoch 55 [500/625] Loss: 0.5948 | Phase: extreme | Scale: 0.78
2026-02-19 13:32:54 [INFO] Epoch 55 [550/625] Loss: 0.5386 | Phase: extreme | Scale: 0.78
2026-02-19 13:33:14 [INFO] Epoch 55 [600/625] Loss: 0.4782 | Phase: extreme | Scale: 0.78
2026-02-19 13:34:15 [INFO] Epoch 55/80 (308.3s) | Phase: extreme | LR: 2.38e-05 | Train Loss: 0.5468 | Val Loss: 0.5903 | Val Dice: 0.8840 | Val IoU: 0.7921 | Clean Dice: 0.9262
2026-02-19 13:34:23 [INFO] Epoch 56 [0/625] Loss: 0.5029 | Phase: extreme | Scale: 0.79
2026-02-19 13:34:43 [INFO] Epoch 56 [50/625] Loss: 0.6354 | Phase: extreme | Scale: 0.79
2026-02-19 13:35:03 [INFO] Epoch 56 [100/625] Loss: 0.5479 | Phase: extreme | Scale: 0.79
2026-02-19 13:35:23 [INFO] Epoch 56 [150/625] Loss: 0.5311 | Phase: extreme | Scale: 0.79
2026-02-19 13:35:43 [INFO] Epoch 56 [200/625] Loss: 0.5993 | Phase: extreme | Scale: 0.79
2026-02-19 13:36:03 [INFO] Epoch 56 [250/625] Loss: 0.5750 | Phase: extreme | Scale: 0.79
2026-02-19 13:36:23 [INFO] Epoch 56 [300/625] Loss: 0.4720 | Phase: extreme | Scale: 0.79
2026-02-19 13:36:43 [INFO] Epoch 56 [350/625] Loss: 0.6133 | Phase: extreme | Scale: 0.79
2026-02-19 13:37:03 [INFO] Epoch 56 [400/625] Loss: 0.6605 | Phase: extreme | Scale: 0.79
2026-02-19 13:37:23 [INFO] Epoch 56 [450/625] Loss: 0.5096 | Phase: extreme | Scale: 0.79
2026-02-19 13:37:43 [INFO] Epoch 56 [500/625] Loss: 0.5770 | Phase: extreme | Scale: 0.79
2026-02-19 13:38:03 [INFO] Epoch 56 [550/625] Loss: 0.6006 | Phase: extreme | Scale: 0.79
2026-02-19 13:38:23 [INFO] Epoch 56 [600/625] Loss: 0.5269 | Phase: extreme | Scale: 0.79
2026-02-19 13:39:24 [INFO] Epoch 56/80 (308.4s) | Phase: extreme | LR: 2.21e-05 | Train Loss: 0.5573 | Val Loss: 0.5962 | Val Dice: 0.8843 | Val IoU: 0.7925 | Clean Dice: 0.9261
2026-02-19 13:39:32 [INFO] Epoch 57 [0/625] Loss: 0.4719 | Phase: extreme | Scale: 0.80
2026-02-19 13:39:52 [INFO] Epoch 57 [50/625] Loss: 0.5593 | Phase: extreme | Scale: 0.80
2026-02-19 13:40:12 [INFO] Epoch 57 [100/625] Loss: 0.6480 | Phase: extreme | Scale: 0.80
2026-02-19 13:40:32 [INFO] Epoch 57 [150/625] Loss: 0.5024 | Phase: extreme | Scale: 0.80
2026-02-19 13:40:52 [INFO] Epoch 57 [200/625] Loss: 0.4935 | Phase: extreme | Scale: 0.80
2026-02-19 13:41:12 [INFO] Epoch 57 [250/625] Loss: 0.6637 | Phase: extreme | Scale: 0.80
2026-02-19 13:41:32 [INFO] Epoch 57 [300/625] Loss: 0.5366 | Phase: extreme | Scale: 0.80
2026-02-19 13:41:52 [INFO] Epoch 57 [350/625] Loss: 0.5648 | Phase: extreme | Scale: 0.80
2026-02-19 13:42:12 [INFO] Epoch 57 [400/625] Loss: 0.4934 | Phase: extreme | Scale: 0.80
2026-02-19 13:42:32 [INFO] Epoch 57 [450/625] Loss: 0.5869 | Phase: extreme | Scale: 0.80
2026-02-19 13:42:52 [INFO] Epoch 57 [500/625] Loss: 0.4834 | Phase: extreme | Scale: 0.80
2026-02-19 13:43:12 [INFO] Epoch 57 [550/625] Loss: 0.6660 | Phase: extreme | Scale: 0.80
2026-02-19 13:43:32 [INFO] Epoch 57 [600/625] Loss: 0.6697 | Phase: extreme | Scale: 0.80
2026-02-19 13:44:33 [INFO] Epoch 57/80 (308.4s) | Phase: extreme | LR: 2.04e-05 | Train Loss: 0.5655 | Val Loss: 0.6022 | Val Dice: 0.8845 | Val IoU: 0.7930 | Clean Dice: 0.9252
2026-02-19 13:44:40 [INFO] Epoch 58 [0/625] Loss: 0.4952 | Phase: extreme | Scale: 0.81
2026-02-19 13:45:00 [INFO] Epoch 58 [50/625] Loss: 0.6614 | Phase: extreme | Scale: 0.81
2026-02-19 13:45:20 [INFO] Epoch 58 [100/625] Loss: 0.5819 | Phase: extreme | Scale: 0.81
2026-02-19 13:45:40 [INFO] Epoch 58 [150/625] Loss: 0.5229 | Phase: extreme | Scale: 0.81
2026-02-19 13:46:00 [INFO] Epoch 58 [200/625] Loss: 0.5440 | Phase: extreme | Scale: 0.81
2026-02-19 13:46:20 [INFO] Epoch 58 [250/625] Loss: 0.6534 | Phase: extreme | Scale: 0.81
2026-02-19 13:46:40 [INFO] Epoch 58 [300/625] Loss: 0.5496 | Phase: extreme | Scale: 0.81
2026-02-19 13:47:00 [INFO] Epoch 58 [350/625] Loss: 0.5769 | Phase: extreme | Scale: 0.81
2026-02-19 13:47:20 [INFO] Epoch 58 [400/625] Loss: 0.5017 | Phase: extreme | Scale: 0.81
2026-02-19 13:47:40 [INFO] Epoch 58 [450/625] Loss: 0.5639 | Phase: extreme | Scale: 0.81
2026-02-19 13:48:00 [INFO] Epoch 58 [500/625] Loss: 0.5194 | Phase: extreme | Scale: 0.81
2026-02-19 13:48:20 [INFO] Epoch 58 [550/625] Loss: 0.5879 | Phase: extreme | Scale: 0.81
2026-02-19 13:48:40 [INFO] Epoch 58 [600/625] Loss: 0.5756 | Phase: extreme | Scale: 0.81
2026-02-19 13:49:42 [INFO] Epoch 58/80 (308.5s) | Phase: extreme | LR: 1.88e-05 | Train Loss: 0.5736 | Val Loss: 0.6051 | Val Dice: 0.8856 | Val IoU: 0.7946 | Clean Dice: 0.9260
2026-02-19 13:49:42 [INFO] New best model saved (dice=0.8856)
2026-02-19 13:49:49 [INFO] Epoch 59 [0/625] Loss: 0.5132 | Phase: extreme | Scale: 0.81
2026-02-19 13:50:09 [INFO] Epoch 59 [50/625] Loss: 0.7730 | Phase: extreme | Scale: 0.81
2026-02-19 13:50:29 [INFO] Epoch 59 [100/625] Loss: 0.5598 | Phase: extreme | Scale: 0.81
2026-02-19 13:50:49 [INFO] Epoch 59 [150/625] Loss: 0.5271 | Phase: extreme | Scale: 0.81
2026-02-19 13:51:09 [INFO] Epoch 59 [200/625] Loss: 0.5842 | Phase: extreme | Scale: 0.81
2026-02-19 13:51:29 [INFO] Epoch 59 [250/625] Loss: 0.5942 | Phase: extreme | Scale: 0.81
2026-02-19 13:51:49 [INFO] Epoch 59 [300/625] Loss: 0.5724 | Phase: extreme | Scale: 0.81
2026-02-19 13:52:09 [INFO] Epoch 59 [350/625] Loss: 0.6054 | Phase: extreme | Scale: 0.81
2026-02-19 13:52:29 [INFO] Epoch 59 [400/625] Loss: 0.5216 | Phase: extreme | Scale: 0.81
2026-02-19 13:52:49 [INFO] Epoch 59 [450/625] Loss: 0.5026 | Phase: extreme | Scale: 0.81
2026-02-19 13:53:09 [INFO] Epoch 59 [500/625] Loss: 0.7247 | Phase: extreme | Scale: 0.81
2026-02-19 13:53:29 [INFO] Epoch 59 [550/625] Loss: 0.5529 | Phase: extreme | Scale: 0.81
2026-02-19 13:53:49 [INFO] Epoch 59 [600/625] Loss: 0.5190 | Phase: extreme | Scale: 0.81
2026-02-19 13:54:54 [INFO] Epoch 59/80 (311.6s) | Phase: extreme | LR: 1.73e-05 | Train Loss: 0.5875 | Val Loss: 0.6206 | Val Dice: 0.8843 | Val IoU: 0.7926 | Clean Dice: 0.9258
2026-02-19 13:55:01 [INFO] Epoch 60 [0/625] Loss: 0.5191 | Phase: extreme | Scale: 0.82
2026-02-19 13:55:22 [INFO] Epoch 60 [50/625] Loss: 0.6645 | Phase: extreme | Scale: 0.82
2026-02-19 13:55:42 [INFO] Epoch 60 [100/625] Loss: 0.5578 | Phase: extreme | Scale: 0.82
2026-02-19 13:56:03 [INFO] Epoch 60 [150/625] Loss: 0.5417 | Phase: extreme | Scale: 0.82
2026-02-19 13:56:23 [INFO] Epoch 60 [200/625] Loss: 0.5904 | Phase: extreme | Scale: 0.82
2026-02-19 13:56:43 [INFO] Epoch 60 [250/625] Loss: 0.6730 | Phase: extreme | Scale: 0.82
2026-02-19 13:57:04 [INFO] Epoch 60 [300/625] Loss: 0.6045 | Phase: extreme | Scale: 0.82
2026-02-19 13:57:24 [INFO] Epoch 60 [350/625] Loss: 0.6078 | Phase: extreme | Scale: 0.82
2026-02-19 13:57:44 [INFO] Epoch 60 [400/625] Loss: 0.5570 | Phase: extreme | Scale: 0.82
2026-02-19 13:58:05 [INFO] Epoch 60 [450/625] Loss: 0.5230 | Phase: extreme | Scale: 0.82
2026-02-19 13:58:25 [INFO] Epoch 60 [500/625] Loss: 0.6914 | Phase: extreme | Scale: 0.82
2026-02-19 13:58:46 [INFO] Epoch 60 [550/625] Loss: 0.6086 | Phase: extreme | Scale: 0.82
2026-02-19 13:59:06 [INFO] Epoch 60 [600/625] Loss: 0.5942 | Phase: extreme | Scale: 0.82
2026-02-19 14:00:08 [INFO] Epoch 60/80 (313.5s) | Phase: extreme | LR: 1.57e-05 | Train Loss: 0.5920 | Val Loss: 0.6248 | Val Dice: 0.8858 | Val IoU: 0.7950 | Clean Dice: 0.9252
2026-02-19 14:00:16 [INFO] Epoch 61 [0/625] Loss: 0.5720 | Phase: extreme | Scale: 0.83
2026-02-19 14:00:36 [INFO] Epoch 61 [50/625] Loss: 0.6011 | Phase: extreme | Scale: 0.83
2026-02-19 14:00:56 [INFO] Epoch 61 [100/625] Loss: 0.5801 | Phase: extreme | Scale: 0.83
2026-02-19 14:01:17 [INFO] Epoch 61 [150/625] Loss: 0.5206 | Phase: extreme | Scale: 0.83
2026-02-19 14:01:37 [INFO] Epoch 61 [200/625] Loss: 0.5860 | Phase: extreme | Scale: 0.83
2026-02-19 14:01:57 [INFO] Epoch 61 [250/625] Loss: 0.7722 | Phase: extreme | Scale: 0.83
2026-02-19 14:02:18 [INFO] Epoch 61 [300/625] Loss: 0.6626 | Phase: extreme | Scale: 0.83
2026-02-19 14:02:38 [INFO] Epoch 61 [350/625] Loss: 0.5151 | Phase: extreme | Scale: 0.83
2026-02-19 14:02:59 [INFO] Epoch 61 [400/625] Loss: 0.5501 | Phase: extreme | Scale: 0.83
2026-02-19 14:03:19 [INFO] Epoch 61 [450/625] Loss: 0.5222 | Phase: extreme | Scale: 0.83
2026-02-19 14:03:39 [INFO] Epoch 61 [500/625] Loss: 0.5512 | Phase: extreme | Scale: 0.83
2026-02-19 14:04:00 [INFO] Epoch 61 [550/625] Loss: 0.5279 | Phase: extreme | Scale: 0.83
2026-02-19 14:04:20 [INFO] Epoch 61 [600/625] Loss: 0.6074 | Phase: extreme | Scale: 0.83
2026-02-19 14:05:22 [INFO] Epoch 61/80 (313.5s) | Phase: extreme | LR: 1.43e-05 | Train Loss: 0.5930 | Val Loss: 0.6221 | Val Dice: 0.8863 | Val IoU: 0.7958 | Clean Dice: 0.9255
2026-02-19 14:05:29 [INFO] Epoch 62 [0/625] Loss: 0.5369 | Phase: extreme | Scale: 0.84
2026-02-19 14:05:50 [INFO] Epoch 62 [50/625] Loss: 0.5417 | Phase: extreme | Scale: 0.84
2026-02-19 14:06:10 [INFO] Epoch 62 [100/625] Loss: 0.5087 | Phase: extreme | Scale: 0.84
2026-02-19 14:06:31 [INFO] Epoch 62 [150/625] Loss: 0.5221 | Phase: extreme | Scale: 0.84
2026-02-19 14:06:51 [INFO] Epoch 62 [200/625] Loss: 0.6185 | Phase: extreme | Scale: 0.84
2026-02-19 14:07:11 [INFO] Epoch 62 [250/625] Loss: 0.5532 | Phase: extreme | Scale: 0.84
2026-02-19 14:07:32 [INFO] Epoch 62 [300/625] Loss: 0.6956 | Phase: extreme | Scale: 0.84
2026-02-19 14:07:52 [INFO] Epoch 62 [350/625] Loss: 0.5344 | Phase: extreme | Scale: 0.84
2026-02-19 14:08:12 [INFO] Epoch 62 [400/625] Loss: 0.5559 | Phase: extreme | Scale: 0.84
2026-02-19 14:08:33 [INFO] Epoch 62 [450/625] Loss: 0.6782 | Phase: extreme | Scale: 0.84
2026-02-19 14:08:53 [INFO] Epoch 62 [500/625] Loss: 0.6152 | Phase: extreme | Scale: 0.84
2026-02-19 14:09:14 [INFO] Epoch 62 [550/625] Loss: 0.5694 | Phase: extreme | Scale: 0.84
2026-02-19 14:09:34 [INFO] Epoch 62 [600/625] Loss: 0.6786 | Phase: extreme | Scale: 0.84
2026-02-19 14:10:36 [INFO] Epoch 62/80 (313.5s) | Phase: extreme | LR: 1.29e-05 | Train Loss: 0.5942 | Val Loss: 0.6312 | Val Dice: 0.8848 | Val IoU: 0.7934 | Clean Dice: 0.9262
2026-02-19 14:10:43 [INFO] Epoch 63 [0/625] Loss: 0.5807 | Phase: extreme | Scale: 0.85
2026-02-19 14:11:04 [INFO] Epoch 63 [50/625] Loss: 0.8262 | Phase: extreme | Scale: 0.85
2026-02-19 14:11:24 [INFO] Epoch 63 [100/625] Loss: 0.5262 | Phase: extreme | Scale: 0.85
2026-02-19 14:11:44 [INFO] Epoch 63 [150/625] Loss: 0.5043 | Phase: extreme | Scale: 0.85
2026-02-19 14:12:05 [INFO] Epoch 63 [200/625] Loss: 0.7250 | Phase: extreme | Scale: 0.85
2026-02-19 14:12:25 [INFO] Epoch 63 [250/625] Loss: 0.5809 | Phase: extreme | Scale: 0.85
2026-02-19 14:12:46 [INFO] Epoch 63 [300/625] Loss: 0.6532 | Phase: extreme | Scale: 0.85
2026-02-19 14:13:06 [INFO] Epoch 63 [350/625] Loss: 0.6233 | Phase: extreme | Scale: 0.85
2026-02-19 14:13:26 [INFO] Epoch 63 [400/625] Loss: 0.5849 | Phase: extreme | Scale: 0.85
2026-02-19 14:13:47 [INFO] Epoch 63 [450/625] Loss: 0.6058 | Phase: extreme | Scale: 0.85
2026-02-19 14:14:07 [INFO] Epoch 63 [500/625] Loss: 0.5900 | Phase: extreme | Scale: 0.85
2026-02-19 14:14:27 [INFO] Epoch 63 [550/625] Loss: 0.6123 | Phase: extreme | Scale: 0.85
2026-02-19 14:14:48 [INFO] Epoch 63 [600/625] Loss: 0.5487 | Phase: extreme | Scale: 0.85
2026-02-19 14:15:49 [INFO] Epoch 63/80 (313.2s) | Phase: extreme | LR: 1.16e-05 | Train Loss: 0.5939 | Val Loss: 0.6277 | Val Dice: 0.8855 | Val IoU: 0.7945 | Clean Dice: 0.9260
2026-02-19 14:15:57 [INFO] Epoch 64 [0/625] Loss: 0.5005 | Phase: extreme | Scale: 0.86
2026-02-19 14:16:17 [INFO] Epoch 64 [50/625] Loss: 0.5649 | Phase: extreme | Scale: 0.86
2026-02-19 14:16:37 [INFO] Epoch 64 [100/625] Loss: 0.6566 | Phase: extreme | Scale: 0.86
2026-02-19 14:16:57 [INFO] Epoch 64 [150/625] Loss: 0.5327 | Phase: extreme | Scale: 0.86
2026-02-19 14:17:17 [INFO] Epoch 64 [200/625] Loss: 0.6242 | Phase: extreme | Scale: 0.86
2026-02-19 14:17:37 [INFO] Epoch 64 [250/625] Loss: 0.6786 | Phase: extreme | Scale: 0.86
2026-02-19 14:17:57 [INFO] Epoch 64 [300/625] Loss: 0.5542 | Phase: extreme | Scale: 0.86
2026-02-19 14:18:17 [INFO] Epoch 64 [350/625] Loss: 0.6160 | Phase: extreme | Scale: 0.86
2026-02-19 14:18:37 [INFO] Epoch 64 [400/625] Loss: 0.5252 | Phase: extreme | Scale: 0.86
2026-02-19 14:18:57 [INFO] Epoch 64 [450/625] Loss: 0.5365 | Phase: extreme | Scale: 0.86
2026-02-19 14:19:17 [INFO] Epoch 64 [500/625] Loss: 0.5360 | Phase: extreme | Scale: 0.86
2026-02-19 14:19:37 [INFO] Epoch 64 [550/625] Loss: 0.6008 | Phase: extreme | Scale: 0.86
2026-02-19 14:19:57 [INFO] Epoch 64 [600/625] Loss: 0.5357 | Phase: extreme | Scale: 0.86
2026-02-19 14:20:58 [INFO] Epoch 64/80 (308.1s) | Phase: extreme | LR: 1.03e-05 | Train Loss: 0.5963 | Val Loss: 0.6258 | Val Dice: 0.8857 | Val IoU: 0.7948 | Clean Dice: 0.9252
2026-02-19 14:21:05 [INFO] Epoch 65 [0/625] Loss: 0.5390 | Phase: extreme | Scale: 0.87
2026-02-19 14:21:25 [INFO] Epoch 65 [50/625] Loss: 0.5994 | Phase: extreme | Scale: 0.87
2026-02-19 14:21:45 [INFO] Epoch 65 [100/625] Loss: 0.5455 | Phase: extreme | Scale: 0.87
2026-02-19 14:22:05 [INFO] Epoch 65 [150/625] Loss: 0.5733 | Phase: extreme | Scale: 0.87
2026-02-19 14:22:25 [INFO] Epoch 65 [200/625] Loss: 0.7060 | Phase: extreme | Scale: 0.87
2026-02-19 14:22:45 [INFO] Epoch 65 [250/625] Loss: 0.7222 | Phase: extreme | Scale: 0.87
2026-02-19 14:23:05 [INFO] Epoch 65 [300/625] Loss: 0.6413 | Phase: extreme | Scale: 0.87
2026-02-19 14:23:25 [INFO] Epoch 65 [350/625] Loss: 0.6737 | Phase: extreme | Scale: 0.87
2026-02-19 14:23:45 [INFO] Epoch 65 [400/625] Loss: 0.6833 | Phase: extreme | Scale: 0.87
2026-02-19 14:24:05 [INFO] Epoch 65 [450/625] Loss: 0.5712 | Phase: extreme | Scale: 0.87
2026-02-19 14:24:25 [INFO] Epoch 65 [500/625] Loss: 0.5433 | Phase: extreme | Scale: 0.87
2026-02-19 14:24:45 [INFO] Epoch 65 [550/625] Loss: 0.6516 | Phase: extreme | Scale: 0.87
2026-02-19 14:25:05 [INFO] Epoch 65 [600/625] Loss: 0.5917 | Phase: extreme | Scale: 0.87
2026-02-19 14:26:07 [INFO] Epoch 65/80 (308.4s) | Phase: extreme | LR: 9.07e-06 | Train Loss: 0.5997 | Val Loss: 0.6269 | Val Dice: 0.8846 | Val IoU: 0.7931 | Clean Dice: 0.9256
2026-02-19 14:26:14 [INFO] Epoch 66 [0/625] Loss: 0.5544 | Phase: extreme | Scale: 0.88
2026-02-19 14:26:34 [INFO] Epoch 66 [50/625] Loss: 0.6697 | Phase: extreme | Scale: 0.88
2026-02-19 14:26:54 [INFO] Epoch 66 [100/625] Loss: 0.5760 | Phase: extreme | Scale: 0.88
2026-02-19 14:27:14 [INFO] Epoch 66 [150/625] Loss: 0.5562 | Phase: extreme | Scale: 0.88
2026-02-19 14:27:34 [INFO] Epoch 66 [200/625] Loss: 0.5762 | Phase: extreme | Scale: 0.88
2026-02-19 14:27:54 [INFO] Epoch 66 [250/625] Loss: 0.5741 | Phase: extreme | Scale: 0.88
2026-02-19 14:28:14 [INFO] Epoch 66 [300/625] Loss: 0.5858 | Phase: extreme | Scale: 0.88
2026-02-19 14:28:34 [INFO] Epoch 66 [350/625] Loss: 0.6567 | Phase: extreme | Scale: 0.88
2026-02-19 14:28:54 [INFO] Epoch 66 [400/625] Loss: 0.6271 | Phase: extreme | Scale: 0.88
2026-02-19 14:29:14 [INFO] Epoch 66 [450/625] Loss: 0.5794 | Phase: extreme | Scale: 0.88
2026-02-19 14:29:34 [INFO] Epoch 66 [500/625] Loss: 0.5639 | Phase: extreme | Scale: 0.88
2026-02-19 14:29:54 [INFO] Epoch 66 [550/625] Loss: 0.6066 | Phase: extreme | Scale: 0.88
2026-02-19 14:30:14 [INFO] Epoch 66 [600/625] Loss: 0.6744 | Phase: extreme | Scale: 0.88
2026-02-19 14:31:16 [INFO] Epoch 66/80 (308.4s) | Phase: extreme | LR: 7.94e-06 | Train Loss: 0.6019 | Val Loss: 0.6240 | Val Dice: 0.8850 | Val IoU: 0.7937 | Clean Dice: 0.9253
2026-02-19 14:31:23 [INFO] Epoch 67 [0/625] Loss: 0.6111 | Phase: extreme | Scale: 0.89
2026-02-19 14:31:43 [INFO] Epoch 67 [50/625] Loss: 0.6207 | Phase: extreme | Scale: 0.89
2026-02-19 14:32:03 [INFO] Epoch 67 [100/625] Loss: 0.6495 | Phase: extreme | Scale: 0.89
2026-02-19 14:32:23 [INFO] Epoch 67 [150/625] Loss: 0.5015 | Phase: extreme | Scale: 0.89
2026-02-19 14:32:43 [INFO] Epoch 67 [200/625] Loss: 0.6933 | Phase: extreme | Scale: 0.89
2026-02-19 14:33:03 [INFO] Epoch 67 [250/625] Loss: 0.6961 | Phase: extreme | Scale: 0.89
2026-02-19 14:33:23 [INFO] Epoch 67 [300/625] Loss: 0.5541 | Phase: extreme | Scale: 0.89
2026-02-19 14:33:43 [INFO] Epoch 67 [350/625] Loss: 0.6362 | Phase: extreme | Scale: 0.89
2026-02-19 14:34:03 [INFO] Epoch 67 [400/625] Loss: 0.6170 | Phase: extreme | Scale: 0.89
2026-02-19 14:34:23 [INFO] Epoch 67 [450/625] Loss: 0.5901 | Phase: extreme | Scale: 0.89
2026-02-19 14:34:43 [INFO] Epoch 67 [500/625] Loss: 0.5810 | Phase: extreme | Scale: 0.89
2026-02-19 14:35:03 [INFO] Epoch 67 [550/625] Loss: 0.6858 | Phase: extreme | Scale: 0.89
2026-02-19 14:35:23 [INFO] Epoch 67 [600/625] Loss: 0.6485 | Phase: extreme | Scale: 0.89
2026-02-19 14:36:24 [INFO] Epoch 67/80 (308.1s) | Phase: extreme | LR: 6.87e-06 | Train Loss: 0.6010 | Val Loss: 0.6271 | Val Dice: 0.8844 | Val IoU: 0.7927 | Clean Dice: 0.9256
2026-02-19 14:36:31 [INFO] Epoch 68 [0/625] Loss: 0.4984 | Phase: extreme | Scale: 0.89
2026-02-19 14:36:51 [INFO] Epoch 68 [50/625] Loss: 0.6389 | Phase: extreme | Scale: 0.89
2026-02-19 14:37:12 [INFO] Epoch 68 [100/625] Loss: 0.5493 | Phase: extreme | Scale: 0.89
2026-02-19 14:37:33 [INFO] Epoch 68 [150/625] Loss: 0.4903 | Phase: extreme | Scale: 0.89
2026-02-19 14:37:53 [INFO] Epoch 68 [200/625] Loss: 0.6211 | Phase: extreme | Scale: 0.89
2026-02-19 14:38:13 [INFO] Epoch 68 [250/625] Loss: 0.6878 | Phase: extreme | Scale: 0.89
2026-02-19 14:38:34 [INFO] Epoch 68 [300/625] Loss: 0.6190 | Phase: extreme | Scale: 0.89
2026-02-19 14:38:54 [INFO] Epoch 68 [350/625] Loss: 0.6236 | Phase: extreme | Scale: 0.89
2026-02-19 14:39:15 [INFO] Epoch 68 [400/625] Loss: 0.6807 | Phase: extreme | Scale: 0.89
2026-02-19 14:39:35 [INFO] Epoch 68 [450/625] Loss: 0.5895 | Phase: extreme | Scale: 0.89
2026-02-19 14:39:55 [INFO] Epoch 68 [500/625] Loss: 0.5711 | Phase: extreme | Scale: 0.89
2026-02-19 14:40:16 [INFO] Epoch 68 [550/625] Loss: 0.6750 | Phase: extreme | Scale: 0.89
2026-02-19 14:40:36 [INFO] Epoch 68 [600/625] Loss: 1.0862 | Phase: extreme | Scale: 0.89
2026-02-19 14:41:38 [INFO] Epoch 68/80 (313.9s) | Phase: extreme | LR: 5.87e-06 | Train Loss: 0.6069 | Val Loss: 0.6317 | Val Dice: 0.8844 | Val IoU: 0.7927 | Clean Dice: 0.9256
2026-02-19 14:41:46 [INFO] Epoch 69 [0/625] Loss: 0.5484 | Phase: extreme | Scale: 0.90
2026-02-19 14:42:06 [INFO] Epoch 69 [50/625] Loss: 0.5605 | Phase: extreme | Scale: 0.90
2026-02-19 14:42:26 [INFO] Epoch 69 [100/625] Loss: 0.5188 | Phase: extreme | Scale: 0.90
2026-02-19 14:42:47 [INFO] Epoch 69 [150/625] Loss: 0.5320 | Phase: extreme | Scale: 0.90
2026-02-19 14:43:07 [INFO] Epoch 69 [200/625] Loss: 0.6313 | Phase: extreme | Scale: 0.90
2026-02-19 14:43:27 [INFO] Epoch 69 [250/625] Loss: 0.7641 | Phase: extreme | Scale: 0.90
2026-02-19 14:43:48 [INFO] Epoch 69 [300/625] Loss: 0.6095 | Phase: extreme | Scale: 0.90
2026-02-19 14:44:08 [INFO] Epoch 69 [350/625] Loss: 0.6304 | Phase: extreme | Scale: 0.90
2026-02-19 14:44:29 [INFO] Epoch 69 [400/625] Loss: 0.6150 | Phase: extreme | Scale: 0.90
2026-02-19 14:44:49 [INFO] Epoch 69 [450/625] Loss: 0.5734 | Phase: extreme | Scale: 0.90
2026-02-19 14:45:09 [INFO] Epoch 69 [500/625] Loss: 0.5968 | Phase: extreme | Scale: 0.90
2026-02-19 14:45:30 [INFO] Epoch 69 [550/625] Loss: 0.6562 | Phase: extreme | Scale: 0.90
2026-02-19 14:45:50 [INFO] Epoch 69 [600/625] Loss: 0.6089 | Phase: extreme | Scale: 0.90
2026-02-19 14:46:52 [INFO] Epoch 69/80 (313.6s) | Phase: extreme | LR: 4.95e-06 | Train Loss: 0.6115 | Val Loss: 0.6266 | Val Dice: 0.8853 | Val IoU: 0.7942 | Clean Dice: 0.9256
2026-02-19 14:47:00 [INFO] Epoch 70 [0/625] Loss: 0.5521 | Phase: extreme | Scale: 0.91
2026-02-19 14:47:20 [INFO] Epoch 70 [50/625] Loss: 0.6708 | Phase: extreme | Scale: 0.91
2026-02-19 14:47:40 [INFO] Epoch 70 [100/625] Loss: 0.5534 | Phase: extreme | Scale: 0.91
2026-02-19 14:48:01 [INFO] Epoch 70 [150/625] Loss: 0.5721 | Phase: extreme | Scale: 0.91
2026-02-19 14:48:21 [INFO] Epoch 70 [200/625] Loss: 0.6069 | Phase: extreme | Scale: 0.91
2026-02-19 14:48:41 [INFO] Epoch 70 [250/625] Loss: 0.5562 | Phase: extreme | Scale: 0.91
2026-02-19 14:49:02 [INFO] Epoch 70 [300/625] Loss: 0.5707 | Phase: extreme | Scale: 0.91
2026-02-19 14:49:22 [INFO] Epoch 70 [350/625] Loss: 0.6089 | Phase: extreme | Scale: 0.91
2026-02-19 14:49:43 [INFO] Epoch 70 [400/625] Loss: 0.5311 | Phase: extreme | Scale: 0.91
2026-02-19 14:50:03 [INFO] Epoch 70 [450/625] Loss: 0.5273 | Phase: extreme | Scale: 0.91
2026-02-19 14:50:23 [INFO] Epoch 70 [500/625] Loss: 0.6698 | Phase: extreme | Scale: 0.91
2026-02-19 14:50:44 [INFO] Epoch 70 [550/625] Loss: 0.5584 | Phase: extreme | Scale: 0.91
2026-02-19 14:51:04 [INFO] Epoch 70 [600/625] Loss: 0.5521 | Phase: extreme | Scale: 0.91
2026-02-19 14:52:06 [INFO] Epoch 70/80 (313.6s) | Phase: extreme | LR: 4.10e-06 | Train Loss: 0.6122 | Val Loss: 0.6297 | Val Dice: 0.8853 | Val IoU: 0.7942 | Clean Dice: 0.9254
2026-02-19 14:52:14 [INFO] Epoch 71 [0/625] Loss: 0.5580 | Phase: extreme | Scale: 0.92
2026-02-19 14:52:34 [INFO] Epoch 71 [50/625] Loss: 0.7052 | Phase: extreme | Scale: 0.92
2026-02-19 14:52:55 [INFO] Epoch 71 [100/625] Loss: 0.5340 | Phase: extreme | Scale: 0.92
2026-02-19 14:53:15 [INFO] Epoch 71 [150/625] Loss: 0.6085 | Phase: extreme | Scale: 0.92
2026-02-19 14:53:35 [INFO] Epoch 71 [200/625] Loss: 0.6107 | Phase: extreme | Scale: 0.92
2026-02-19 14:53:56 [INFO] Epoch 71 [250/625] Loss: 0.5462 | Phase: extreme | Scale: 0.92
2026-02-19 14:54:16 [INFO] Epoch 71 [300/625] Loss: 0.5291 | Phase: extreme | Scale: 0.92
2026-02-19 14:54:37 [INFO] Epoch 71 [350/625] Loss: 0.5722 | Phase: extreme | Scale: 0.92
2026-02-19 14:54:57 [INFO] Epoch 71 [400/625] Loss: 0.5502 | Phase: extreme | Scale: 0.92
2026-02-19 14:55:17 [INFO] Epoch 71 [450/625] Loss: 0.5440 | Phase: extreme | Scale: 0.92
2026-02-19 14:55:38 [INFO] Epoch 71 [500/625] Loss: 0.8180 | Phase: extreme | Scale: 0.92
2026-02-19 14:55:58 [INFO] Epoch 71 [550/625] Loss: 0.5548 | Phase: extreme | Scale: 0.92
2026-02-19 14:56:18 [INFO] Epoch 71 [600/625] Loss: 0.6089 | Phase: extreme | Scale: 0.92
2026-02-19 14:57:20 [INFO] Epoch 71/80 (313.6s) | Phase: extreme | LR: 3.33e-06 | Train Loss: 0.6130 | Val Loss: 0.6285 | Val Dice: 0.8848 | Val IoU: 0.7934 | Clean Dice: 0.9254
2026-02-19 14:57:28 [INFO] Epoch 72 [0/625] Loss: 0.5983 | Phase: extreme | Scale: 0.93
2026-02-19 14:57:48 [INFO] Epoch 72 [50/625] Loss: 0.6299 | Phase: extreme | Scale: 0.93
2026-02-19 14:58:08 [INFO] Epoch 72 [100/625] Loss: 0.5755 | Phase: extreme | Scale: 0.93
2026-02-19 14:58:28 [INFO] Epoch 72 [150/625] Loss: 0.5259 | Phase: extreme | Scale: 0.93
2026-02-19 14:58:48 [INFO] Epoch 72 [200/625] Loss: 0.6901 | Phase: extreme | Scale: 0.93
2026-02-19 14:59:08 [INFO] Epoch 72 [250/625] Loss: 0.7285 | Phase: extreme | Scale: 0.93
2026-02-19 14:59:28 [INFO] Epoch 72 [300/625] Loss: 0.5593 | Phase: extreme | Scale: 0.93
2026-02-19 14:59:48 [INFO] Epoch 72 [350/625] Loss: 0.6591 | Phase: extreme | Scale: 0.93
2026-02-19 15:00:08 [INFO] Epoch 72 [400/625] Loss: 0.5357 | Phase: extreme | Scale: 0.93
2026-02-19 15:00:28 [INFO] Epoch 72 [450/625] Loss: 0.5941 | Phase: extreme | Scale: 0.93
2026-02-19 15:00:48 [INFO] Epoch 72 [500/625] Loss: 0.7091 | Phase: extreme | Scale: 0.93
2026-02-19 15:01:08 [INFO] Epoch 72 [550/625] Loss: 0.6860 | Phase: extreme | Scale: 0.93
2026-02-19 15:01:28 [INFO] Epoch 72 [600/625] Loss: 0.5412 | Phase: extreme | Scale: 0.93
2026-02-19 15:02:30 [INFO] Epoch 72/80 (309.2s) | Phase: extreme | LR: 2.64e-06 | Train Loss: 0.6162 | Val Loss: 0.6194 | Val Dice: 0.8877 | Val IoU: 0.7981 | Clean Dice: 0.9256
2026-02-19 15:02:30 [INFO] New best model saved (dice=0.8877)
2026-02-19 15:02:38 [INFO] Epoch 73 [0/625] Loss: 0.5338 | Phase: extreme | Scale: 0.94
2026-02-19 15:02:58 [INFO] Epoch 73 [50/625] Loss: 0.7638 | Phase: extreme | Scale: 0.94
2026-02-19 15:03:18 [INFO] Epoch 73 [100/625] Loss: 0.5837 | Phase: extreme | Scale: 0.94
2026-02-19 15:03:38 [INFO] Epoch 73 [150/625] Loss: 0.5882 | Phase: extreme | Scale: 0.94
2026-02-19 15:03:58 [INFO] Epoch 73 [200/625] Loss: 0.6425 | Phase: extreme | Scale: 0.94
2026-02-19 15:04:18 [INFO] Epoch 73 [250/625] Loss: 0.6295 | Phase: extreme | Scale: 0.94
2026-02-19 15:04:38 [INFO] Epoch 73 [300/625] Loss: 0.5693 | Phase: extreme | Scale: 0.94
2026-02-19 15:04:58 [INFO] Epoch 73 [350/625] Loss: 0.5836 | Phase: extreme | Scale: 0.94
2026-02-19 15:05:18 [INFO] Epoch 73 [400/625] Loss: 0.5413 | Phase: extreme | Scale: 0.94
2026-02-19 15:05:38 [INFO] Epoch 73 [450/625] Loss: 0.5901 | Phase: extreme | Scale: 0.94
2026-02-19 15:05:58 [INFO] Epoch 73 [500/625] Loss: 0.6387 | Phase: extreme | Scale: 0.94
2026-02-19 15:06:18 [INFO] Epoch 73 [550/625] Loss: 0.6298 | Phase: extreme | Scale: 0.94
2026-02-19 15:06:38 [INFO] Epoch 73 [600/625] Loss: 0.5720 | Phase: extreme | Scale: 0.94
2026-02-19 15:07:39 [INFO] Epoch 73/80 (308.6s) | Phase: extreme | LR: 2.03e-06 | Train Loss: 0.6140 | Val Loss: 0.6262 | Val Dice: 0.8861 | Val IoU: 0.7954 | Clean Dice: 0.9256
2026-02-19 15:07:46 [INFO] Epoch 74 [0/625] Loss: 0.5589 | Phase: extreme | Scale: 0.95
2026-02-19 15:08:06 [INFO] Epoch 74 [50/625] Loss: 0.6506 | Phase: extreme | Scale: 0.95
2026-02-19 15:08:26 [INFO] Epoch 74 [100/625] Loss: 0.5852 | Phase: extreme | Scale: 0.95
2026-02-19 15:08:46 [INFO] Epoch 74 [150/625] Loss: 0.7350 | Phase: extreme | Scale: 0.95
2026-02-19 15:09:06 [INFO] Epoch 74 [200/625] Loss: 0.6250 | Phase: extreme | Scale: 0.95
2026-02-19 15:09:26 [INFO] Epoch 74 [250/625] Loss: 0.6845 | Phase: extreme | Scale: 0.95
2026-02-19 15:09:46 [INFO] Epoch 74 [300/625] Loss: 0.6188 | Phase: extreme | Scale: 0.95
2026-02-19 15:10:06 [INFO] Epoch 74 [350/625] Loss: 0.6495 | Phase: extreme | Scale: 0.95
2026-02-19 15:10:26 [INFO] Epoch 74 [400/625] Loss: 0.7020 | Phase: extreme | Scale: 0.95
2026-02-19 15:10:46 [INFO] Epoch 74 [450/625] Loss: 0.5496 | Phase: extreme | Scale: 0.95
2026-02-19 15:11:06 [INFO] Epoch 74 [500/625] Loss: 0.6605 | Phase: extreme | Scale: 0.95
2026-02-19 15:11:26 [INFO] Epoch 74 [550/625] Loss: 0.5261 | Phase: extreme | Scale: 0.95
2026-02-19 15:11:46 [INFO] Epoch 74 [600/625] Loss: 0.6746 | Phase: extreme | Scale: 0.95
2026-02-19 15:12:48 [INFO] Epoch 74/80 (308.5s) | Phase: extreme | LR: 1.49e-06 | Train Loss: 0.6160 | Val Loss: 0.6258 | Val Dice: 0.8857 | Val IoU: 0.7948 | Clean Dice: 0.9255
2026-02-19 15:12:55 [INFO] Epoch 75 [0/625] Loss: 0.5413 | Phase: extreme | Scale: 0.96
2026-02-19 15:13:15 [INFO] Epoch 75 [50/625] Loss: 0.6613 | Phase: extreme | Scale: 0.96
2026-02-19 15:13:35 [INFO] Epoch 75 [100/625] Loss: 0.5531 | Phase: extreme | Scale: 0.96
2026-02-19 15:13:55 [INFO] Epoch 75 [150/625] Loss: 0.5678 | Phase: extreme | Scale: 0.96
2026-02-19 15:14:15 [INFO] Epoch 75 [200/625] Loss: 0.5792 | Phase: extreme | Scale: 0.96
2026-02-19 15:14:35 [INFO] Epoch 75 [250/625] Loss: 0.6913 | Phase: extreme | Scale: 0.96
2026-02-19 15:14:55 [INFO] Epoch 75 [300/625] Loss: 0.5679 | Phase: extreme | Scale: 0.96
2026-02-19 15:15:15 [INFO] Epoch 75 [350/625] Loss: 0.6146 | Phase: extreme | Scale: 0.96
2026-02-19 15:15:35 [INFO] Epoch 75 [400/625] Loss: 0.7690 | Phase: extreme | Scale: 0.96
2026-02-19 15:15:55 [INFO] Epoch 75 [450/625] Loss: 0.6778 | Phase: extreme | Scale: 0.96
2026-02-19 15:16:15 [INFO] Epoch 75 [500/625] Loss: 0.6741 | Phase: extreme | Scale: 0.96
2026-02-19 15:16:35 [INFO] Epoch 75 [550/625] Loss: 0.5678 | Phase: extreme | Scale: 0.96
2026-02-19 15:16:55 [INFO] Epoch 75 [600/625] Loss: 0.6714 | Phase: extreme | Scale: 0.96
2026-02-19 15:17:59 [INFO] Epoch 75/80 (310.3s) | Phase: extreme | LR: 1.04e-06 | Train Loss: 0.6222 | Val Loss: 0.6236 | Val Dice: 0.8867 | Val IoU: 0.7964 | Clean Dice: 0.9257
2026-02-19 15:18:06 [INFO] Epoch 76 [0/625] Loss: 0.5483 | Phase: extreme | Scale: 0.96
2026-02-19 15:18:27 [INFO] Epoch 76 [50/625] Loss: 0.7257 | Phase: extreme | Scale: 0.96
2026-02-19 15:18:47 [INFO] Epoch 76 [100/625] Loss: 0.5374 | Phase: extreme | Scale: 0.96
2026-02-19 15:19:07 [INFO] Epoch 76 [150/625] Loss: 0.8823 | Phase: extreme | Scale: 0.96
2026-02-19 15:19:28 [INFO] Epoch 76 [200/625] Loss: 0.7300 | Phase: extreme | Scale: 0.96
2026-02-19 15:19:48 [INFO] Epoch 76 [250/625] Loss: 0.6862 | Phase: extreme | Scale: 0.96
2026-02-19 15:20:09 [INFO] Epoch 76 [300/625] Loss: 0.4982 | Phase: extreme | Scale: 0.96
2026-02-19 15:20:29 [INFO] Epoch 76 [350/625] Loss: 0.6901 | Phase: extreme | Scale: 0.96
2026-02-19 15:20:49 [INFO] Epoch 76 [400/625] Loss: 0.6743 | Phase: extreme | Scale: 0.96
2026-02-19 15:21:10 [INFO] Epoch 76 [450/625] Loss: 0.5866 | Phase: extreme | Scale: 0.96
2026-02-19 15:21:30 [INFO] Epoch 76 [500/625] Loss: 0.7768 | Phase: extreme | Scale: 0.96
2026-02-19 15:21:50 [INFO] Epoch 76 [550/625] Loss: 0.5787 | Phase: extreme | Scale: 0.96
2026-02-19 15:22:11 [INFO] Epoch 76 [600/625] Loss: 0.6168 | Phase: extreme | Scale: 0.96
2026-02-19 15:23:13 [INFO] Epoch 76/80 (313.7s) | Phase: extreme | LR: 6.64e-07 | Train Loss: 0.6244 | Val Loss: 0.6226 | Val Dice: 0.8869 | Val IoU: 0.7968 | Clean Dice: 0.9254
2026-02-19 15:23:20 [INFO] Epoch 77 [0/625] Loss: 0.6170 | Phase: extreme | Scale: 0.97
2026-02-19 15:23:41 [INFO] Epoch 77 [50/625] Loss: 0.6712 | Phase: extreme | Scale: 0.97
2026-02-19 15:24:01 [INFO] Epoch 77 [100/625] Loss: 0.5596 | Phase: extreme | Scale: 0.97
2026-02-19 15:24:21 [INFO] Epoch 77 [150/625] Loss: 0.5400 | Phase: extreme | Scale: 0.97
2026-02-19 15:24:42 [INFO] Epoch 77 [200/625] Loss: 0.7322 | Phase: extreme | Scale: 0.97
2026-02-19 15:25:02 [INFO] Epoch 77 [250/625] Loss: 0.6134 | Phase: extreme | Scale: 0.97
2026-02-19 15:25:23 [INFO] Epoch 77 [300/625] Loss: 0.5603 | Phase: extreme | Scale: 0.97
2026-02-19 15:25:43 [INFO] Epoch 77 [350/625] Loss: 0.7708 | Phase: extreme | Scale: 0.97
2026-02-19 15:26:03 [INFO] Epoch 77 [400/625] Loss: 0.7386 | Phase: extreme | Scale: 0.97
2026-02-19 15:26:24 [INFO] Epoch 77 [450/625] Loss: 0.5679 | Phase: extreme | Scale: 0.97
2026-02-19 15:26:44 [INFO] Epoch 77 [500/625] Loss: 0.6175 | Phase: extreme | Scale: 0.97
2026-02-19 15:27:04 [INFO] Epoch 77 [550/625] Loss: 0.5292 | Phase: extreme | Scale: 0.97
2026-02-19 15:27:25 [INFO] Epoch 77 [600/625] Loss: 0.5551 | Phase: extreme | Scale: 0.97
2026-02-19 15:28:27 [INFO] Epoch 77/80 (313.9s) | Phase: extreme | LR: 3.74e-07 | Train Loss: 0.6248 | Val Loss: 0.6262 | Val Dice: 0.8846 | Val IoU: 0.7930 | Clean Dice: 0.9256
2026-02-19 15:28:34 [INFO] Epoch 78 [0/625] Loss: 0.5625 | Phase: extreme | Scale: 0.98
2026-02-19 15:28:55 [INFO] Epoch 78 [50/625] Loss: 0.6489 | Phase: extreme | Scale: 0.98
2026-02-19 15:29:15 [INFO] Epoch 78 [100/625] Loss: 0.6329 | Phase: extreme | Scale: 0.98
2026-02-19 15:29:36 [INFO] Epoch 78 [150/625] Loss: 0.7363 | Phase: extreme | Scale: 0.98
2026-02-19 15:29:56 [INFO] Epoch 78 [200/625] Loss: 0.6016 | Phase: extreme | Scale: 0.98
2026-02-19 15:30:16 [INFO] Epoch 78 [250/625] Loss: 0.7865 | Phase: extreme | Scale: 0.98
2026-02-19 15:30:37 [INFO] Epoch 78 [300/625] Loss: 0.5378 | Phase: extreme | Scale: 0.98
2026-02-19 15:30:57 [INFO] Epoch 78 [350/625] Loss: 0.6807 | Phase: extreme | Scale: 0.98
2026-02-19 15:31:17 [INFO] Epoch 78 [400/625] Loss: 0.7478 | Phase: extreme | Scale: 0.98
2026-02-19 15:31:38 [INFO] Epoch 78 [450/625] Loss: 0.6404 | Phase: extreme | Scale: 0.98
2026-02-19 15:31:58 [INFO] Epoch 78 [500/625] Loss: 0.6335 | Phase: extreme | Scale: 0.98
2026-02-19 15:32:19 [INFO] Epoch 78 [550/625] Loss: 0.6500 | Phase: extreme | Scale: 0.98
2026-02-19 15:32:39 [INFO] Epoch 78 [600/625] Loss: 0.7900 | Phase: extreme | Scale: 0.98
2026-02-19 15:33:41 [INFO] Epoch 78/80 (313.9s) | Phase: extreme | LR: 1.66e-07 | Train Loss: 0.6290 | Val Loss: 0.6273 | Val Dice: 0.8853 | Val IoU: 0.7942 | Clean Dice: 0.9255
2026-02-19 15:33:49 [INFO] Epoch 79 [0/625] Loss: 0.5584 | Phase: extreme | Scale: 0.99
2026-02-19 15:34:09 [INFO] Epoch 79 [50/625] Loss: 0.6461 | Phase: extreme | Scale: 0.99
2026-02-19 15:34:29 [INFO] Epoch 79 [100/625] Loss: 0.5429 | Phase: extreme | Scale: 0.99
2026-02-19 15:34:50 [INFO] Epoch 79 [150/625] Loss: 0.6209 | Phase: extreme | Scale: 0.99
2026-02-19 15:35:10 [INFO] Epoch 79 [200/625] Loss: 0.5380 | Phase: extreme | Scale: 0.99
2026-02-19 15:35:31 [INFO] Epoch 79 [250/625] Loss: 0.6055 | Phase: extreme | Scale: 0.99
2026-02-19 15:35:51 [INFO] Epoch 79 [300/625] Loss: 0.5309 | Phase: extreme | Scale: 0.99
2026-02-19 15:36:11 [INFO] Epoch 79 [350/625] Loss: 0.6326 | Phase: extreme | Scale: 0.99
2026-02-19 15:36:32 [INFO] Epoch 79 [400/625] Loss: 0.6258 | Phase: extreme | Scale: 0.99
2026-02-19 15:36:53 [INFO] Epoch 79 [450/625] Loss: 0.6970 | Phase: extreme | Scale: 0.99
2026-02-19 15:37:14 [INFO] Epoch 79 [500/625] Loss: 0.8111 | Phase: extreme | Scale: 0.99
2026-02-19 15:37:35 [INFO] Epoch 79 [550/625] Loss: 0.5354 | Phase: extreme | Scale: 0.99
2026-02-19 15:37:56 [INFO] Epoch 79 [600/625] Loss: 0.6428 | Phase: extreme | Scale: 0.99
2026-02-19 15:38:59 [INFO] Epoch 79/80 (317.4s) | Phase: extreme | LR: 4.16e-08 | Train Loss: 0.6320 | Val Loss: 0.6241 | Val Dice: 0.8859 | Val IoU: 0.7952 | Clean Dice: 0.9253
2026-02-19 15:39:06 [INFO] Epoch 80 [0/625] Loss: 0.5202 | Phase: extreme | Scale: 1.00
2026-02-19 15:39:27 [INFO] Epoch 80 [50/625] Loss: 0.6881 | Phase: extreme | Scale: 1.00
2026-02-19 15:39:47 [INFO] Epoch 80 [100/625] Loss: 0.6013 | Phase: extreme | Scale: 1.00
2026-02-19 15:40:08 [INFO] Epoch 80 [150/625] Loss: 0.6645 | Phase: extreme | Scale: 1.00
2026-02-19 15:40:28 [INFO] Epoch 80 [200/625] Loss: 0.5311 | Phase: extreme | Scale: 1.00
2026-02-19 15:40:48 [INFO] Epoch 80 [250/625] Loss: 0.6421 | Phase: extreme | Scale: 1.00
2026-02-19 15:41:09 [INFO] Epoch 80 [300/625] Loss: 0.6237 | Phase: extreme | Scale: 1.00
2026-02-19 15:41:29 [INFO] Epoch 80 [350/625] Loss: 0.6999 | Phase: extreme | Scale: 1.00
2026-02-19 15:41:50 [INFO] Epoch 80 [400/625] Loss: 0.5357 | Phase: extreme | Scale: 1.00
2026-02-19 15:42:10 [INFO] Epoch 80 [450/625] Loss: 0.6408 | Phase: extreme | Scale: 1.00
2026-02-19 15:42:30 [INFO] Epoch 80 [500/625] Loss: 0.5134 | Phase: extreme | Scale: 1.00
2026-02-19 15:42:51 [INFO] Epoch 80 [550/625] Loss: 0.6706 | Phase: extreme | Scale: 1.00
2026-02-19 15:43:11 [INFO] Epoch 80 [600/625] Loss: 0.7282 | Phase: extreme | Scale: 1.00
2026-02-19 15:44:13 [INFO] Epoch 80/80 (314.0s) | Phase: extreme | LR: 0.00e+00 | Train Loss: 0.6331 | Val Loss: 0.6254 | Val Dice: 0.8862 | Val IoU: 0.7957 | Clean Dice: 0.9255
2026-02-19 15:44:14 [INFO] Training complete. Best dice: 0.8877
2026-02-19 15:44:14 [INFO] ==================================================
2026-02-19 15:44:14 [INFO] Final Validation Metrics:
2026-02-19 15:44:14 [INFO]   val_loss: 0.6254
2026-02-19 15:44:14 [INFO]   dice: 0.8862
2026-02-19 15:44:14 [INFO]   iou: 0.7957
2026-02-19 15:44:14 [INFO]   precision: 0.8808
2026-02-19 15:44:14 [INFO]   recall: 0.8917
2026-02-19 15:44:14 [INFO]   hausdorff_95: 35.8326
2026-02-19 15:44:14 [INFO]   boundary_f1: 0.1548
2026-02-19 15:44:14 [INFO]   clean_dice: 0.9255
2026-02-19 15:44:14 [INFO]   clean_iou: 0.8613
